date_code,year_id,month_id,week_id,store_code,store_name,customer_name,channel,store_type,country,region,province,short_name,city,area,cluster,sub_channel,material,product_name,key_items,sku,style,division,gender,enduse,silhouette,sub_silhouette,fit_type,qty,lw_qty,lm_qty,amt,lw_amt,lm_amt,season_code,msrp,key_stories,product_line
2025-02-21,2025,202502,202546,UABH_HKG_2262,Manning House,Retail,O&O,BH,Hongkong,,,,,5372.0000,,BH,1387905-001,UA Meridian 1/4 Zip,Meridian Top,1387905-001,1387905,Apparel,Mens,Training,Tops,Long-Sleeves,Loose,1,2,,699.00000,1398.00000,,SS25,699.000,,Inline
2025-02-21,2025,202502,202546,EC-HK,HK,EC,EC,EC-HK,Hongkong,,,HK,,0.0000,,UA.com,1390157-100,UA SportSkort Mini Pleated,,1390157-100-XS,1390157,Apparel,Womens,Training,Bottoms,Skorts,No Fit Type,1,,,539.02000,,,SS25,549.000,,Inline
2025-02-21,2025,202502,202546,EC-HK,HK,EC,EC,EC-HK,Hongkong,,,HK,,0.0000,,UA.com,3026634-103,UA JET '23-GRY,,3026634-103-10.5/12,3026634,Footwear,Unisex,Basketball,Performance Sneakers,Court Performance,Regular,1,,,227.00000,,,FW23,599.000,Others,Inline
2025-02-21,2025,202502,202546,UAFH_HKG_1820,City Gate,Retail,O&O,FH,Hongkong,,Hongkong,,Hongkong,2583.0000,,FH,1383430-100,Boxy Crop Graphic,,1383430-100,1383430,Apparel,Womens,Training,Tops,Short sleeve,Loose,6,,1,534.00000,,139.60000,,40.000,,
2025-02-21,2025,202502,202546,EC-HK,HK,EC,EC,EC-HK,Hongkong,,,HK,,0.0000,,UA.com,1366180-001,UA Sleeves 1Pair,0,1366180-001-L/XL,1366180,Accessories,Adult Unisex,Running,Misc,Sleeves,Regular,1,,,111.00000,,,SS24,199.000,,Inline
2025-02-21,2025,202502,202546,UAFH_HKG_1820,City Gate,Retail,O&O,FH,Hongkong,,Hongkong,,Hongkong,2583.0000,,FH,1382721-561,Essential Fleece Crop Crew-PPL,,1382721-561,1382721,Apparel,Womens,Training,Tops,Fleece Tops,Loose,1,,,263.20000,,,,0.000,,
2025-02-21,2025,202502,202546,EC-HK,HK,EC,EC,EC-HK,Hongkong,,,HK,,0.0000,,UA.com,1384583-001,UA Velocity Graphic SSC-BLK,,1384583-001-SM,1384583,Apparel,Womens,Training,Tops,Short-Sleeve Graphics,Loose,1,,,97.98000,,,,0.000,,
2025-02-21,2025,202502,202546,EC-HK,HK,EC,EC,EC-HK,Hongkong,,,HK,,0.0000,,UA.com,1387087-114,UA PT SlipSpeed 2pk NS,,1387087-114-MD,1387087,Accessories,Adult Unisex,Training,Socks,Low Socks,Regular,1,,1,83.00000,,78.68000,FW24,0.000,,Inline
2025-02-21,2025,202502,202546,UAFH_HKG_1820,City Gate,Retail,O&O,FH,Hongkong,,Hongkong,,Hongkong,2583.0000,,FH,1326413-400,UA Tech 2.0 SS Tee-BLU,Others,1326413-400,1326413,Apparel,Mens,Training,Tops,Short-Sleeves,Loose,2,,,320.60000,,,SS25,249.000,,Inline
2025-02-21,2025,202502,202546,UAFH_HKG_1820,City Gate,Retail,O&O,FH,Hongkong,,Hongkong,,Hongkong,2583.0000,,FH,1373929-001,UA Rush Seamless SS,Rush Seamless,1373929-001,1373929,Apparel,Womens,Training,Tops,Short-Sleeves,Fitted,5,,,645.00000,,,FW23,499.000,Vanish,Inline
2025-02-21,2025,202502,202546,UABH_HKG_2262,Manning House,Retail,O&O,BH,Hongkong,,,,,5372.0000,,BH,1379157-348,Meridian Jacket-GRN,,1379157-348,1379157,Apparel,Womens,Training,Tops,Long-Sleeves,Fitted,1,,,749.00000,,,SS25,799.000,,Inline
2025-02-21,2025,202502,202546,UAFH_HKG_1820,City Gate,Retail,O&O,FH,Hongkong,,Hongkong,,Hongkong,2583.0000,,FH,1382586-100,UA STREAKER SPLATTER SS-WHT,Others,1382586-100,1382586,Apparel,Mens,Running,Tops,Short-Sleeves,Fitted,1,,,207.20000,,,SS24,349.000,,Inline
2025-02-21,2025,202502,202546,UABH_HKG_1470,Olympian City,Retail,O&O,BH,Hongkong,,,,Hongkong,1246.0000,,BH,1361034-100,Crossback Mid Bra,Crossback,1361034-100,1361034,Apparel,Womens,Training,Bras,Sport Bras,Compression,1,,,349.00000,,,SS25,329.000,,Inline
2025-02-21,2025,202502,202546,UAFH_HKG_1820,City Gate,Retail,O&O,FH,Hongkong,,Hongkong,,Hongkong,2583.0000,,FH,1379758-410,UA Rival Fleece Logo HD,Others,1379758-410,1379758,Apparel,Mens,Sportstyle,Tops,Fleece Tops,Loose,1,,2,349.30000,,598.80000,SS25,499.000,,Inline
2025-02-21,2025,202502,202546,EC-HK,HK,EC,EC,EC-HK,Hongkong,,,HK,,0.0000,,UA.com,1361993-001,UA Contain Travel Kit,0,1361993-001-OSFA,1361993,Accessories,Unisex,Training,Bags,Leisure,One Size Fits All,1,,2,97.98000,,197.68000,FW23,219.000,Others,Inline
2025-02-21,2025,202502,202546,UAFH_HKG_1820,City Gate,Retail,O&O,FH,Hongkong,,Hongkong,,Hongkong,2583.0000,,FH,1361683-001,UA HG Armour Fitted SS,,1361683-001,1361683,Apparel,Mens,Training,Tops,Short-Sleeves,Fitted,1,,3,156.97000,,269.10000,FW24,0.000,,Inline
2025-02-21,2025,202502,202546,EC-HK,HK,EC,EC,EC-HK,Hongkong,,,HK,,0.0000,,UA.com,1376465-001,UA Loudon Crossbody SM,OTHERS,1376465-001-OSFM,1376465,Accessories,Unisex,Training,Bags,Other,One Size Fits All,1,,,146.02000,,,FW24,299.000,,Inline
2025-02-21,2025,202502,202546,EC-HK,HK,EC,EC,EC-HK,Hongkong,,,HK,,0.0000,,UA.com,1368352-100,UA HEATGEAR COMPRESSION TANK,Armour HG,1368352-100-XS,1368352,Apparel,Mens,Training,Tops,Sleeveless,Compression,1,,,199.01000,,,SS25,229.000,,Inline
2025-02-21,2025,202502,202546,UABH_HKG_2262,Manning House,Retail,O&O,BH,Hongkong,,,,,5372.0000,,BH,1385418-001,Vanish Energy LS-BLK,Others,1385418-001,1385418,Apparel,Mens,Training,Tops,Long-Sleeves,Loose,1,,,349.00000,,,SS25,449.000,,Inline
2025-02-21,2025,202502,202546,EC-HK,HK,EC,EC,EC-HK,Hongkong,,,HK,,0.0000,,UA.com,1329589-426,UA M SPORTSTYLE LOGO TANK,,1329589-426-SM,1329589,Apparel,Mens,Training,TOPS,Sleeveless Graphics," LOOSE",4,,,320.95000,,,,25.000,,
2025-02-21,2025,202502,202546,UAFH_HKG_1820,City Gate,Retail,O&O,FH,Hongkong,,Hongkong,,Hongkong,2583.0000,,FH,1376791-100,UA Tech Vent SS-WHT,,1376791-100,1376791,Apparel,Mens,Training,Tops,Short-Sleeves,Loose,2,1,,336.37000,156.97000,,SS25,349.000,,Inline
2025-02-21,2025,202502,202546,UAFH_HKG_1820,City Gate,Retail,O&O,FH,Hongkong,,Hongkong,,Hongkong,2583.0000,,FH,3024899-303,UA HOVR Machina 3-BLU,,3024899-303,3024899,Footwear,Mens,Running,Performance Sneakers,Technical Performance,Regular,8,1,,2392.00000,580.30000,,FW23,0.000,HOVR,Inline
2025-02-21,2025,202502,202546,UABH_HKG_2262,Manning House,Retail,O&O,BH,Hongkong,,,,,5372.0000,,BH,1369222-001,UA Undeniable 5.0 Duffle SM,0,1369222-001,1369222,Accessories,Unisex,Training,Bags,Duffels,One Size Fits Most,12,10,,0.00000,0.00000,,SS25,399.000,,Inline
2025-02-21,2025,202502,202546,EC-HK,HK,EC,EC,EC-HK,Hongkong,,,HK,,0.0000,,UA.com,1383878-001,M UA Perf Tech 6in,,1383878-001-XXL,1383878,Apparel,Mens,Training,Underwear,Underwear Bottoms,Fitted,2,,2,798.00000,,643.51000,FW24,399.000,,Licensed (Non-Uniform)
2025-02-21,2025,202502,202546,EC-HK,HK,EC,EC,EC-HK,Hongkong,,,HK,,0.0000,,UA.com,1364407-036,UA Drive Pant,,1364407-036-30/30,1364407,Apparel,Mens,Golf,Bottoms,Pants,No Fit Type,1,,,393.01000,,,SS25,0.000,,
2025-02-21,2025,202502,202546,UABH_HKG_2262,Manning House,Retail,O&O,BH,Hongkong,,,,,5372.0000,,BH,1365336-019,Armour HiRise Leg,,1365336-019,1365336,Apparel,Womens,Training,Bottoms,Leggings,Compression,1,,,319.20000,,,SS24,499.000,,Inline
2025-02-21,2025,202502,202546,EC-HK,HK,EC,EC,EC-HK,Hongkong,,,HK,,0.0000,,UA.com,1376076-100,UA AD Run Cushion 1pk Mid,OTHERS,1376076-100-LG,1376076,Accessories,Unisex,Running,Socks,High Socks,Regular,1,,2,63.01000,,127.07000,SS25,129.000,,Inline
2025-02-21,2025,202502,202546,EC-HK,HK,EC,EC,EC-HK,Hongkong,,,HK,,0.0000,,UA.com,1361683-001,UA HG Armour Fitted SS,,1361683-001-XL,1361683,Apparel,Mens,Training,Tops,Short-Sleeves,Fitted,1,,,157.02000,,,FW24,0.000,,Inline
2025-02-21,2025,202502,202546,EC-HK,HK,EC,EC,EC-HK,Hongkong,,,HK,,0.0000,,UA.com,1355109-543,"Crossback High Bra,38C",,1355109-543-36A,1355109,Apparel,Womens,SportBra,BRAS,Sport Bras," COMPRESSION",1,,,448.99000,,,SS25,0.000,,MFO
2025-02-21,2025,202502,202546,UABH_HKG_2262,Manning House,Retail,O&O,BH,Hongkong,,,,,5372.0000,,BH,1370277-100,UA Iso-Chill Golf Glove,0,1370277-100,1370277,Accessories,Mens,Golf,Gloves,Full Finger Gloves,Adjustable,1,,1,169.00000,,169.00000,SS25,149.000,,Inline
2025-02-21,2025,202502,202546,UAFH_HKG_1820,City Gate,Retail,O&O,FH,Hongkong,,Hongkong,,Hongkong,2583.0000,,FH,1376921-025,UA Seamless Grid SS-GRY,,1376921-025,1376921,Apparel,Mens,Training,Tops,Short-Sleeves,Fitted,1,1,,183.22000,209.40000,,FW24,0.000,,Inline
2025-02-21,2025,202502,202546,UABH_HKG_1470,Olympian City,Retail,O&O,BH,Hongkong,,,,Hongkong,1246.0000,,BH,3027593-289,UA Phantom 4,,3027593-289,3027593,Footwear,Mens,Sportstyle,Performance Sneakers,Technical Performance,Regular,1,,,1299.00000,,,SS25,1199.000,,Inline
2025-02-21,2025,202502,202546,EC-HK,HK,EC,EC,EC-HK,Hongkong,,,HK,,0.0000,,UA.com,1386240-015,Unisex UA Essential 6pk ULT,,1386240-015-MD,1386240,Accessories,Adult Unisex,Sportstyle,Socks,Low Socks,Regular,1,,,104.03000,,,SS25,0.000,,
2025-02-21,2025,202502,202546,UAFH_HKG_1820,City Gate,Retail,O&O,FH,Hongkong,,Hongkong,,Hongkong,2583.0000,,FH,1363241-001,UA Core No Show 3Pk,Others,1363241-001,1363241,Accessories,Adult Unisex,Sportstyle,Socks,Low Socks,Regular,1,,3,55.20000,,297.00000,SS24,109.000,,Inline
2025-02-21,2025,202502,202546,UAFH_HKG_1820,City Gate,Retail,O&O,FH,Hongkong,,Hongkong,,Hongkong,2583.0000,,FH,1386560-390,UA Vibe Woven Cargo Short-GRN,,1386560-390,1386560,Apparel,Mens,Sportstyle,Bottoms,Shorts,Loose,2,,,576.44000,,,FW24,0.000,,Inline
2025-02-21,2025,202502,202546,UAFH_HKG_1820,City Gate,Retail,O&O,FH,Hongkong,,Hongkong,,Hongkong,2583.0000,,FH,3026534-800,UA Project Rock 6,SIGNATURE,3026534-800,3026534,Footwear,Mens,Training,Performance Sneakers,Technical Performance,Regular,1,,,664.30000,,,SS24,1299.000,,Inline
2025-02-21,2025,202502,202546,UAFH_HKG_1820,City Gate,Retail,O&O,FH,Hongkong,,Hongkong,,Hongkong,2583.0000,,FH,3027220-100,UA M Ignite Select Graphic-GRY,,3027220-100,3027220,Footwear,Mens,Sideline,Sandals,Slides,Regular,1,,,127.20000,,,,,,
2025-02-21,2025,202502,202546,UAFH_HKG_1820,City Gate,Retail,O&O,FH,Hongkong,,Hongkong,,Hongkong,2583.0000,,FH,1328496-001,UA TECH 2.0 LS,Others,1328496-001,1328496,Apparel,Mens,Training,Tops,Long-Sleeves,Loose,1,,4,239.20000,,478.40000,SS25,299.000,,Inline
2025-02-21,2025,202502,202546,EC-HK,HK,EC,EC,EC-HK,Hongkong,,,HK,,0.0000,,UA.com,1369772-007,UA Launch Ankle Print Tights,,1369772-007-LG,1369772,Apparel,Womens,Running,Bottoms,Warmup bottoms,Fitted,1,,,384.02000,,,FW24,0.000,,Inline
2025-02-21,2025,202502,202546,EC-HK,HK,EC,EC,EC-HK,Hongkong,,,HK,,0.0000,,UA.com,1372287-279,UA Hustle Signature Backpack-BRN,,1372287-279-OSFM,1372287,Accessories,Womens,Training,Bags,Backpacks,One Size Fits All,1,,,251.02000,,,,55.000,,
2025-02-21,2025,202502,202546,UAFH_HKG_1820,City Gate,Retail,O&O,FH,Hongkong,,Hongkong,,Hongkong,2583.0000,,FH,3026121-003,UA HOVR Sonic 6,SONIC,3026121-003,3026121,Footwear,Mens,Running,Performance Sneakers,Technical Performance,Regular,1,2,3,431.52000,863.04000,755.16000,FW24,999.000,,Inline
2025-02-21,2025,202502,202546,UABH_HKG_2262,Manning House,Retail,O&O,BH,Hongkong,,,,,5372.0000,,BH,1387044-001,UA Velociti Run Cush 3pk NS-BLK,,1387044-001,1387044,Accessories,Adult Unisex,Running,Socks,Low Socks,Regular,1,2,,239.00000,478.00000,,SS25,0.000,,Inline
2025-02-21,2025,202502,202546,UABH_HKG_2262,Manning House,Retail,O&O,BH,Hongkong,,,,,5372.0000,,BH,1382640-001,UA LAUNCH 5'' 2-IN-1 SHORTS-BLK,Others,1382640-001,1382640,Apparel,Mens,Running,Bottoms,Shorts,Fitted,1,,,399.00000,,,SS25,399.000,,Inline
2025-02-21,2025,202502,202546,EC-HK,HK,EC,EC,EC-HK,Hongkong,,,HK,,0.0000,,UA.com,1361596-001,UA HG Armour Shorts,Armour HG,1361596-001-MD,1361596,Apparel,Mens,Training,Bottoms,Shorts,Compression,1,1,,249.01000,249.01000,,SS25,249.000,,Inline
2025-02-21,2025,202502,202546,UAFH_HKG_1820,City Gate,Retail,O&O,FH,Hongkong,,Hongkong,,Hongkong,2583.0000,,FH,1350071-001,UA Matchplay Short,Golf Bottom-Tech Short,1350071-001,1350071,Apparel,Mens,Golf,Bottoms,Shorts,No Fit Type,3,,2,1053.80000,,670.60000,SS25,499.000,,Inline
2025-02-21,2025,202502,202546,UABH_HKG_1470,Olympian City,Retail,O&O,BH,Hongkong,,,,Hongkong,1246.0000,,BH,6006008-001,APAC CNY HW Terry Jogger-BLK,,6006008-001,6006008,Apparel,Mens,Sportstyle,Bottoms,Pants,Loose,1,,1,599.00000,,599.00000,SS25,799.000,,Regional Development (incl. Dome)
2025-02-21,2025,202502,202546,UAFH_HKG_1820,City Gate,Retail,O&O,FH,Hongkong,,Hongkong,,Hongkong,2583.0000,,FH,1363619-001,UA Tech 6in 2 Pack,Others,1363619-001,1363619,Apparel,Mens,Training,Underwear,Underwear Bottoms,Fitted,1,,1,99.00000,,183.22000,FW23,299.000,Others,Inline
2025-02-21,2025,202502,202546,UAFH_HKG_1820,City Gate,Retail,O&O,FH,Hongkong,,Hongkong,,Hongkong,2583.0000,,FH,1356403-001,UA Favorite WM Leggings,Favorites,1356403-001,1356403,Apparel,Womens,Training,Bottoms,Leggings,Fitted,1,,,125.30000,,,FW23,299.000,Women's Bra & Fitted Bottoms,Inline
2025-02-21,2025,202502,202546,EC-HK,HK,EC,EC,EC-HK,Hongkong,,,HK,,0.0000,,UA.com,1379829-914,UA Curry HG Prtd Shorts-BLU,,1379829-914-XS,1379829,Apparel,Mens,Basketball,Bottoms,Shorts,Compression,1,,,268.01000,,,,0.000,,
2025-02-21,2025,202502,202546,UAFH_HKG_1820,City Gate,Retail,O&O,FH,Hongkong,,Hongkong,,Hongkong,2583.0000,,FH,1383630-561,UA HG Authentics Prnt Shorty-PPL,,1383630-561,1383630,Apparel,Womens,Training,Bottoms,Shorts,Compression,1,,,125.30000,,,,0.000,,
2025-02-21,2025,202502,202546,UAFH_HKG_1820,City Gate,Retail,O&O,FH,Hongkong,,Hongkong,,Hongkong,2583.0000,,FH,1384123-697,UA Infinity Mid Bra,Infinity,1384123-697,1384123,Apparel,Womens,Training,Bras,Sport Bras,Fitted,2,,2,382.40000,,255.36000,SS24,399.000,,Inline
2025-02-21,2025,202502,202546,UAFH_HKG_1820,City Gate,Retail,O&O,FH,Hongkong,,Hongkong,,Hongkong,2583.0000,,FH,1379847-057,Unstoppable Flc Split Pant-GRY,Unstoppable Fleece,1379847-057,1379847,Apparel,Womens,Training,Bottoms,Fleece Bottoms,Loose,1,,,179.00000,,,FW23,799.000,Unstoppable,Inline
2025-02-21,2025,202502,202546,UABH_HKG_2262,Manning House,Retail,O&O,BH,Hongkong,,,,,5372.0000,,BH,6001208-001,UA Unstoppable Utility Pant-3XL,,6001208-001,6001208,Apparel,Mens,Sportstyle,Bottoms,Pants,Loose,1,,,1199.00000,,,SS25,1099.000,,Inline
2025-02-21,2025,202502,202546,UAFH_HKG_1820,City Gate,Retail,O&O,FH,Hongkong,,Hongkong,,Hongkong,2583.0000,,FH,1361176-001,UA Hustle 5.0 Backpack,Others,1361176-001,1361176,Accessories,Unisex,Training,Bags,Backpacks,One Size Fits All,2,,1,673.50000,,449.00000,SS24,449.000,,Inline
2025-02-21,2025,202502,202546,UAFH_HKG_1820,City Gate,Retail,O&O,FH,Hongkong,,Hongkong,,Hongkong,2583.0000,,FH,1369855-504,Rival Terry Hoodie,,1369855-504,1369855,Apparel,Womens,Training,Tops,Long sleeve,Loose,4,1,,516.00000,349.30000,,,,,
2025-02-21,2025,202502,202546,EC-HK,HK,EC,EC,EC-HK,Hongkong,,,HK,,0.0000,,UA.com,1381919-025,UA Contain Duo MD BP Duffle,,1381919-025-OSFM,1381919,Accessories,Unisex,Training,Bags,Duffels,One Size Fits Most,1,,,393.01000,,,SS25,0.000,,
2025-02-21,2025,202502,202546,UAFH_HKG_1820,City Gate,Retail,O&O,FH,Hongkong,,Hongkong,,Hongkong,2583.0000,,FH,1290140-100,TECH POLO,other polo,1290140-100,1290140,Apparel,Mens,Golf,Tops,Short-Sleeve Polos,Loose,1,2,2,279.20000,523.50000,314.10000,SS25,399.000,,Inline
2025-02-21,2025,202502,202546,EC-HK,HK,EC,EC,EC-HK,Hongkong,,,HK,,0.0000,,UA.com,1361544-103,Jordan Spieth Tour Adj Hat,OTHERS,1361544-103-OSFM,1361544,Accessories,Mens,Golf,Headwear,Caps,One Size Fits Most,1,,,130.98000,,,FW24,249.000,,Inline
2025-02-21,2025,202502,202546,UABH_HKG_1470,Olympian City,Retail,O&O,BH,Hongkong,,,,Hongkong,1246.0000,,BH,3028668-100,UA U Court Anatomix,,3028668-100,3028668,Footwear,Adult Unisex,Sportstyle,Casual Sneakers,Casual Technical Performance,Regular,1,,,899.00000,,,SS25,749.000,,Inline
2025-02-21,2025,202502,202546,UABH_HKG_1470,Olympian City,Retail,O&O,BH,Hongkong,,,,Hongkong,1246.0000,,BH,1384112-101,UA Infinity High 2.0 Bra,Infinity,1384112-101,1384112,Apparel,Womens,Training,Bras,Sport Bras,Fitted,1,,,499.00000,,,SS25,499.000,,Inline
2025-02-21,2025,202502,202546,UABH_HKG_2262,Manning House,Retail,O&O,BH,Hongkong,,,,,5372.0000,,BH,1377798-001,UA Women's Training Glove,OTHERS,1377798-001,1377798,Accessories,Womens,Training,Gloves,Half Finger Gloves,Regular,1,,,229.00000,,,SS25,219.000,,Inline
2025-02-21,2025,202502,202546,EC-HK,HK,EC,EC,EC-HK,Hongkong,,,HK,,0.0000,,UA.com,1326799-432,UA M SPORTSTYLE LC SS,,1326799-432-XXL,1326799,Apparel,Mens,Sportstyle,Tops,Short-Sleeves,Loose,1,,,104.03000,,,FW24,0.000,,Inline
2025-02-21,2025,202502,202546,UAFH_HKG_1820,City Gate,Retail,O&O,FH,Hongkong,,Hongkong,,Hongkong,2583.0000,,FH,1386318-001,Unisex UA TC 6pk Qtr,,1386318-001,1386318,Accessories,Adult Unisex,Training,Socks,Mid Socks,Regular,3,,,375.90000,,,SS25,0.000,,Inline
2025-02-21,2025,202502,202546,EC-HK,HK,EC,EC,EC-HK,Hongkong,,,HK,,0.0000,,UA.com,3027262-001,CURRY SPLASH 24 AP-BLK,TEAM,3027262-001-10.5/12,3027262,Footwear,Unisex,Basketball,Performance Sneakers,Court Performance,Wide,1,,,490.01000,,,FW24,899.000,,Inline
2025-02-21,2025,202502,202546,EC-HK,HK,EC,EC,EC-HK,Hongkong,,,HK,,0.0000,,UA.com,1366072-001,UA CG Armour Comp Mock,,1366072-001-XS,1366072,Apparel,Mens,Training,Tops,Long-Sleeves,Compression,1,,,448.99000,,,SS25,499.000,,
2025-02-21,2025,202502,202546,UAFH_HKG_1820,City Gate,Retail,O&O,FH,Hongkong,,Hongkong,,Hongkong,2583.0000,,FH,3026582-003,UA HOVR Phantom 3 SE-BLK,,3026582-003,3026582,Footwear,Mens,Running,PERFORMANCE SNEAKERS,Technical Performance," REGULAR",1,,,727.20000,,,SS24,1299.000,,Inline
2025-02-21,2025,202502,202546,EC-HK,HK,EC,EC,EC-HK,Hongkong,,,HK,,0.0000,,UA.com,1383656-525,Tech Tank Twist,,1383656-525-XS,1383656,Apparel,Womens,Training,Tops,Sleeveless,Loose,1,,,229.02000,,,FW24,0.000,,Inline
2025-02-21,2025,202502,202546,UABH_HKG_1470,Olympian City,Retail,O&O,BH,Hongkong,,,,Hongkong,1246.0000,,BH,1385852-001,LEGEND DOWN HOODED JACKET,,1385852-001,1385852,Apparel,Womens,Sportstyle,Outerwear,Jackets,Loose,1,,,1499.00000,,,SS25,0.000,,Inline
2025-02-21,2025,202502,202546,UABH_HKG_1470,Olympian City,Retail,O&O,BH,Hongkong,,,,Hongkong,1246.0000,,BH,1382609-002,UA LAUNCH ELITE PRT SINGLET-BLK/RLT-XXL,,1382609-002,1382609,Apparel,Mens,Running,Tops,Sleeveless,Fitted,1,,,374.25000,,,,0.000,,
2025-02-21,2025,202502,202546,EC-HK,HK,EC,EC,EC-HK,Hongkong,,,HK,,0.0000,,UA.com,1376955-012,UA Tech Vent Short,Others,1376955-012-MD,1376955,Apparel,Mens,Training,Bottoms,Shorts,Loose,2,,,345.94000,,,FW24,349.000,,Inline
2025-02-21,2025,202502,202546,UAFH_HKG_1820,City Gate,Retail,O&O,FH,Hongkong,,Hongkong,,Hongkong,2583.0000,,FH,1384231-025,Tech SSC - Solid,Others,1384231-025,1384231,Apparel,Womens,Training,Tops,Short-Sleeves,Loose,1,,,183.20000,,,SS25,249.000,,Inline
2025-02-21,2025,202502,202546,UABH_HKG_1470,Olympian City,Retail,O&O,BH,Hongkong,,,,Hongkong,1246.0000,,BH,1382623-001,UA Essential No Show 3pk,Others,1382623-001,1382623,Accessories,Adult Unisex,Sportstyle,Socks,Low Socks,Regular,1,,,119.00000,,,SS25,129.000,,Inline
2025-02-21,2025,202502,202546,UABH_HKG_2262,Manning House,Retail,O&O,BH,Hongkong,,,,,5372.0000,,BH,1389871-001,Vanish Elite Vent Ankle Leg,,1389871-001,1389871,Apparel,Womens,Training,Bottoms,Leggings,Compression,1,,,749.00000,,,SS25,699.000,,Inline
2025-02-21,2025,202502,202546,UAFH_HKG_1820,City Gate,Retail,O&O,FH,Hongkong,,Hongkong,,Hongkong,2583.0000,,FH,1386786-289,UA OUTDOOR CANYON SS-MD,,1386786-289,1386786,Apparel,Mens,Outdoor,Tops,Short-Sleeve Graphics,Loose,1,,,130.72000,,,FW24,0.000,,Inline
2025-02-21,2025,202502,202546,UAFH_HKG_1820,City Gate,Retail,O&O,FH,Hongkong,,Hongkong,,Hongkong,2583.0000,,FH,3026121-001,UA HOVR Sonic 6,OTHERS,3026121-001,3026121,Footwear,Mens,Running,Sneakers,Low,Regular,1,,,539.40000,,,FW24,999.000,,Inline
2025-02-21,2025,202502,202546,UAFH_HKG_1820,City Gate,Retail,O&O,FH,Hongkong,,Hongkong,,Hongkong,2583.0000,,FH,1383637-001,Rush Seamless SS-BLK,Rush Seamless,1383637-001,1383637,Apparel,Womens,Training,Tops,Short-Sleeves,Fitted,1,,,230.30000,,,SS24,549.000,,Inline
2025-02-21,2025,202502,202546,UAFH_HKG_1820,City Gate,Retail,O&O,FH,Hongkong,,Hongkong,,Hongkong,2583.0000,,FH,1326799-535,UA M SPORTSTYLE LC SS,,1326799-535,1326799,Apparel,Mens,Sportstyle,Tops,Short-Sleeves,Loose,1,,1,104.47000,,74.62000,FW24,0.000,,Inline
2025-02-21,2025,202502,202546,EC-HK,HK,EC,EC,EC-HK,Hongkong,,,HK,,0.0000,,UA.com,1379829-383,UA Curry HG Prtd Shorts-3XL,Curry BB,1379829-383-XL,1379829,Apparel,Mens,Basketball,Bottoms,Shorts,Compression,1,,,251.02000,,,FW24,399.000,,Inline
2025-02-21,2025,202502,202546,EC-HK,HK,EC,EC,EC-HK,Hongkong,,,HK,,0.0000,,UA.com,1379766-012,UA Rival Terry Graphic HD-3XL,Others,1379766-012-SM,1379766,Apparel,Mens,Training,Tops,Fleece Tops,Loose,1,,,157.02000,,,FW23,499.000,Fleece,Inline
2025-02-21,2025,202502,202546,UABH_HKG_2262,Manning House,Retail,O&O,BH,Hongkong,,,,,5372.0000,,BH,1389799-001,UA LAUNCH PRO 7'' NOVELTY,,1389799-001,1389799,Apparel,Mens,Running,Bottoms,Shorts,Fitted,1,,,392.52000,,,SS25,449.000,,Inline
2025-02-21,2025,202502,202546,UAFH_HKG_1820,City Gate,Retail,O&O,FH,Hongkong,,Hongkong,,Hongkong,2583.0000,,FH,1379451-025,UA BIG LOGO FILL SS -GRY,Others,1379451-025,1379451,Apparel,Mens,Training,Tops,Short-Sleeve Graphics,Loose,1,,,111.20000,,,SS24,249.000,,Inline
2025-02-21,2025,202502,202546,UAFH_HKG_1820,City Gate,Retail,O&O,FH,Hongkong,,Hongkong,,Hongkong,2583.0000,,FH,1382521-410,Meridian Bike Short 7in-MDN/MDN-LG,,1382521-410,1382521,Apparel,Womens,Training,Bottoms,Shorts,Fitted,1,,,244.51000,,,,0.000,,
2025-02-21,2025,202502,202546,UAFH_HKG_1820,City Gate,Retail,O&O,FH,Hongkong,,Hongkong,,Hongkong,2583.0000,,FH,1369855-001,Rival Terry Hoodie,Others,1369855-001,1369855,Apparel,Womens,Training,Tops,Long Sleeve,Loose,8,,2,1032.00000,,399.20000,FW23,499.000,Fleece,Inline
2025-02-21,2025,202502,202546,UABH_HKG_2262,Manning House,Retail,O&O,BH,Hongkong,,,,,5372.0000,,BH,1376759-001,UA Launch Pro 2-in-1 Shorts-BLK,Iso Chill Run,1376759-001,1376759,Apparel,Womens,Running,Bottoms,Shorts,Fitted,1,1,,449.00000,449.00000,,SS25,499.000,,Inline
2025-02-21,2025,202502,202546,UAFH_HKG_1820,City Gate,Retail,O&O,FH,Hongkong,,Hongkong,,Hongkong,2583.0000,,FH,1376781-012,UA Rush Seamless Legacy SS,Rush Seamless,1376781-012,1376781,Apparel,Mens,Training,Tops,Short-Sleeves,Fitted,1,,,272.30000,,,FW23,549.000,Vanish,Inline
2025-02-21,2025,202502,202546,UAFH_HKG_1820,City Gate,Retail,O&O,FH,Hongkong,,Hongkong,,Hongkong,2583.0000,,FH,1382279-410,Pjt Rck SL Hoodie Q3-SM,,1382279-410,1382279,Apparel,Mens,Training,TOPS,Sleeveless Graphics," LOOSE",2,,,258.00000,,,,50.000,,
2025-02-21,2025,202502,202546,UAFH_HKG_1820,City Gate,Retail,O&O,FH,Hongkong,,Hongkong,,Hongkong,2583.0000,,FH,3026124-105,UA W Velociti 3-GRY,,3026124-105,3026124,Footwear,Womens,Running,Performance Sneakers,Technical Performance,Regular,1,1,,623.20000,1039.20000,,SS24,0.000,,Inline
2025-02-21,2025,202502,202546,UABH_HKG_2262,Manning House,Retail,O&O,BH,Hongkong,,,,,5372.0000,,BH,1378838-001,UA UNSTOPPABLE 7-POCKET PANT-BLK,Unstoppable Bottoms,1378838-001,1378838,Apparel,Mens,Sportstyle,Bottoms,Pants,No Fit Type,1,,,769.30000,,,FW24,999.000,,Inline
2025-02-21,2025,202502,202546,UABH_HKG_2262,Manning House,Retail,O&O,BH,Hongkong,,,,,5372.0000,,BH,1382640-025,UA LAUNCH 5'' 2-IN-1 SHORT,Others,1382640-025,1382640,Apparel,Mens,Running,Bottoms,Shorts,Fitted,2,,,798.00000,,,SS25,399.000,,Inline
2025-02-21,2025,202502,202546,UABH_HKG_2262,Manning House,Retail,O&O,BH,Hongkong,,,,,5372.0000,,BH,1383669-016,Vanish Elite Vent Prtd SS,,1383669-016,1383669,Apparel,Mens,Training,Tops,Short-Sleeves,Fitted,1,,,479.94000,,,SS25,0.000,,Inline
2025-02-21,2025,202502,202546,UAFH_HKG_1820,City Gate,Retail,O&O,FH,Hongkong,,Hongkong,,Hongkong,2583.0000,,FH,1387117-410,UA Drive Pro Storm Hyb FZ,Golf Layer-Drive Pro,1387117-410,1387117,Apparel,Mens,Golf,Tops,Warmup Tops,Loose,1,,2,664.30000,,531.44000,SS25,899.000,,Inline
2025-02-21,2025,202502,202546,EC-HK,HK,EC,EC,EC-HK,Hongkong,,,HK,,0.0000,,UA.com,1351596-571,UA Knockout Tank,,1351596-571-LG,1351596,Apparel,Womens,Training,Tops,Sleeveless,Loose,2,,,260.99000,,,SS23,0.000,Others,Inline
2025-02-21,2025,202502,202546,UABH_HKG_1470,Olympian City,Retail,O&O,BH,Hongkong,,,,Hongkong,1246.0000,,BH,1386973-001,UA Meridian SS,Meridian Top,1386973-001,1386973,Apparel,Mens,Training,Tops,Short-Sleeves,Loose,1,,,449.00000,,,SS25,549.000,,Inline
2025-02-21,2025,202502,202546,UAFH_HKG_1820,City Gate,Retail,O&O,FH,Hongkong,,Hongkong,,Hongkong,2583.0000,,FH,1382609-444,UA LASER WASH SINGLET-BLU,,1382609-444,1382609,Apparel,Mens,Running,Tops,Sleeveless,Fitted,1,,,244.30000,,,,0.000,,
2025-02-21,2025,202502,202546,UAFH_HKG_1820,City Gate,Retail,O&O,FH,Hongkong,,Hongkong,,Hongkong,2583.0000,,FH,1350071-012,UA Matchplay Short,Golf Bottom-Tech Short,1350071-012,1350071,Apparel,Mens,Golf,Bottoms,Shorts,No Fit Type,1,1,,335.30000,335.30000,,SS25,499.000,,Inline
2025-02-21,2025,202502,202546,UAFH_HKG_1820,City Gate,Retail,O&O,FH,Hongkong,,Hongkong,,Hongkong,2583.0000,,FH,1376619-001,SEA UA M CORPORATE POLO,,1376619-001,1376619,Apparel,Mens,Training,Tops,Short-Sleeve Polos,Fitted,1,,2,244.30000,,383.90000,SS23,0.000,Others,Regional Development (incl. Dome)
2025-02-21,2025,202502,202546,UAFH_HKG_1820,City Gate,Retail,O&O,FH,Hongkong,,Hongkong,,Hongkong,2583.0000,,FH,1380122-114,Pjt Rock Rival Flc Jgr-WHT,,1380122-114,1380122,Apparel,Mens,Training,Bottoms,Fleece Bottoms,Loose,1,,,179.00000,,,FW23,0.000,Project Rock,Inline
2025-02-21,2025,202502,202546,UABH_HKG_2262,Manning House,Retail,O&O,BH,Hongkong,,,,,5372.0000,,BH,1381688-279,UA Unstoppable Flc Crew-BRN,,1381688-279,1381688,Apparel,Mens,Sportstyle,Tops,Long-Sleeves,Loose,1,,,799.00000,,,SS25,799.000,,Inline
2025-02-21,2025,202502,202546,UAFH_HKG_1820,City Gate,Retail,O&O,FH,Hongkong,,Hongkong,,Hongkong,2583.0000,,FH,1376519-100,UA ISO-CHILL LASER SINGLET,Iso Chill Run,1376519-100,1376519,Apparel,Mens,Running,Tops,Sleeveless,Fitted,1,,,109.00000,,,FW23,429.000,Iso-Chill,Inline
2025-02-21,2025,202502,202546,EC-HK,HK,EC,EC,EC-HK,Hongkong,,,HK,,0.0000,,UA.com,1379452-002,UA M's Ch. Pro Train SS-BLK,,1379452-002-SM,1379452,Apparel,Mens,Global Football,Tops,Short-Sleeves,Fitted,1,,,183.00000,,,,0.000,,
2025-02-21,2025,202502,202546,UAFH_HKG_1820,City Gate,Retail,O&O,FH,Hongkong,,Hongkong,,Hongkong,2583.0000,,FH,1382434-535,UA Launch Shortsleeve,Others,1382434-535,1382434,Apparel,Womens,Running,Tops,Short-Sleeves,Fitted,1,1,1,146.51000,167.44000,83.72000,FW24,299.000,,Inline
2025-02-21,2025,202502,202546,EC-HK,HK,EC,EC,EC-HK,Hongkong,,,HK,,0.0000,,UA.com,3026121-003,UA HOVR Sonic 6,SONIC,3026121-003-8.5,3026121,Footwear,Mens,Running,Performance Sneakers,Technical Performance,Regular,1,,,404.99000,,,FW24,999.000,,Inline
2025-02-21,2025,202502,202546,EC-HK,HK,EC,EC,EC-HK,Hongkong,,,HK,,0.0000,,UA.com,3027049-126,UA Slipspeed Trainer SYN,,3027049-126-10/11.5,3027049,Footwear,Adult Unisex,Sportstyle,Performance Sneakers,Technical Performance,Regular,1,,2,584.99000,,1101.44000,FW24,999.000,,Inline
2025-02-21,2025,202502,202546,UAFH_HKG_1820,City Gate,Retail,O&O,FH,Hongkong,,Hongkong,,Hongkong,2583.0000,,FH,1380477-273,UA Loudon Mini Backpack-BRN,,1380477-273,1380477,Accessories,Unisex,Training,Bags,Backpacks,One Size Fits Most,1,,,132.30000,,,,0.000,,
2025-02-21,2025,202502,202546,EC-HK,HK,EC,EC,EC-HK,Hongkong,,,HK,,0.0000,,UA.com,3028191-100,CURRY 3Z 24 SDE,Others,3028191-100-8/9.5,3028191,Footwear,Adult Unisex,Basketball,Performance Sneakers,Court Performance,Regular,1,,,366.97000,,,FW24,599.000,,Inline
2025-02-21,2025,202502,202546,EC-HK,HK,EC,EC,EC-HK,Hongkong,,,HK,,0.0000,,UA.com,3027262-400,CURRY SPLASH 24 AP,TEAM,3027262-400-8.5/10,3027262,Footwear,Adult Unisex,Basketball,Performance Sneakers,Court Performance,Wide,1,,,523.99000,,,FW24,899.000,,Inline
2025-02-21,2025,202502,202546,UAFH_HKG_1820,City Gate,Retail,O&O,FH,Hongkong,,Hongkong,,Hongkong,2583.0000,,FH,1382736-204,UA Rival Terry OS Hoodie-BRN,,1382736-204,1382736,Apparel,Womens,Training,Tops,Long-Sleeves,No Fit Type,1,,,209.30000,,,,0.000,,
2025-02-21,2025,202502,202546,UAFH_HKG_1820,City Gate,Retail,O&O,FH,Hongkong,,Hongkong,,Hongkong,2583.0000,,FH,1383236-289,UA RUN TRAIL SHORT-BRN,Trail Run,1383236-289,1383236,Apparel,Mens,Running,Bottoms,Shorts,Loose,2,,,544.60000,,,SS24,599.000,,Inline
2025-02-21,2025,202502,202546,UAFH_HKG_1820,City Gate,Retail,O&O,FH,Hongkong,,Hongkong,,Hongkong,2583.0000,,FH,1373928-001,UA Rush Seamless Ankle Leg,,1373928-001,1373928,Apparel,Womens,Training,Bottoms,Leggings,Compression,2,,1,318.00000,,370.30000,FW23,0.000,Vanish,Inline
2025-02-21,2025,202502,202546,UAFH_HKG_1820,City Gate,Retail,O&O,FH,Hongkong,,Hongkong,,Hongkong,2583.0000,,FH,1383640-561,Rush Energy Emboss Crop SS-PPL,,1383640-561,1383640,Apparel,Womens,Training,Tops,Short-Sleeves,Loose,1,,,209.00000,,,SS24,0.000,,Inline
2025-02-21,2025,202502,202546,EC-HK,HK,EC,EC,EC-HK,Hongkong,,,HK,,0.0000,,UA.com,1370494-001,UA Unstoppable Jacket,Unstoppable,1370494-001-XL,1370494,Apparel,Mens,Sportstyle,Tops,Warmup Tops,Loose,1,,,949.02000,,,SS25,999.000,,Inline
2025-02-21,2025,202502,202546,UAFH_HKG_1820,City Gate,Retail,O&O,FH,Hongkong,,Hongkong,,Hongkong,2583.0000,,FH,1386317-001,Unisex UA TC 6pk No Show,,1386317-001,1386317,Accessories,Adult Unisex,Training,Socks,Low Socks,Regular,1,,1,143.20000,,179.00000,SS25,199.000,,Inline
2025-02-21,2025,202502,202546,EC-HK,HK,EC,EC,EC-HK,Hongkong,,,HK,,0.0000,,UA.com,1376466-001,UA Gametime Duffle SM,OTHERS,1376466-001-OSFM,1376466,Accessories,Unisex,Training,Bags,Duffels,One Size Fits All,1,,,399.00000,,,SS25,449.000,,Inline
2025-02-21,2025,202502,202546,UAFH_HKG_1820,City Gate,Retail,O&O,FH,Hongkong,,Hongkong,,Hongkong,2583.0000,,FH,1379668-057,UA Meridian CW Hoodie-GRY,Meridian CW,1379668-057,1379668,Apparel,Mens,Training,Tops,Long-Sleeves,Loose,2,,,438.00000,,,FW23,799.000,Meridian,Inline
2025-02-21,2025,202502,202546,UABH_HKG_1470,Olympian City,Retail,O&O,BH,Hongkong,,,,Hongkong,1246.0000,,BH,1384112-002,UA Infinity High 2.0 Bra,,1384112-002,1384112,Apparel,Womens,Training,Bras,Sport Bras,Fitted,1,,,499.00000,,,SS25,499.000,,Inline
2025-02-21,2025,202502,202546,UAFH_HKG_1820,City Gate,Retail,O&O,FH,Hongkong,,Hongkong,,Hongkong,2583.0000,,FH,1364180-001,UA Hustle Lite Backpack,,1364180-001,1364180,Accessories,Unisex,Training,Bags,Backpacks,One Size Fits All,1,1,,223.20000,279.00000,,SS25,0.000,,Inline
2025-02-21,2025,202502,202546,EC-HK,HK,EC,EC,EC-HK,Hongkong,,,HK,,0.0000,,UA.com,1373084-400,UA 3-Maker 3pk Mid-Crew,,1373084-400-LG,1373084,Accessories,Adult Unisex,Basketball,Socks,High Socks,Regular,1,,,104.03000,,,SS25,199.000,,
2025-02-21,2025,202502,202546,UAFH_HKG_1820,City Gate,Retail,O&O,FH,Hongkong,,Hongkong,,Hongkong,2583.0000,,FH,1379297-001,UA Run Like A Tight-LG,Run Like An Animal,1379297-001,1379297,Apparel,Mens,Running,Bottoms,Leggings,Compression,2,,,258.00000,,,FW23,599.000,AMP,Inline
2025-02-21,2025,202502,202546,UAFH_HKG_1820,City Gate,Retail,O&O,FH,Hongkong,,Hongkong,,Hongkong,2583.0000,,FH,1372120-390,MFO Movement Ankle Leg-GRN,,1372120-390,1372120,Apparel,Womens,Training,Bottoms,Leggings,Fitted,1,,2,122.01000,,156.87000,,0.000,,
2025-02-21,2025,202502,202546,EC-HK,HK,EC,EC,EC-HK,Hongkong,,,HK,,0.0000,,UA.com,1361524-466,UA HG Armour Comp LS,,1361524-466-MD,1361524,Apparel,Mens,Training,TOPS,Long-Sleeves," COMPRESSION",1,,,174.99000,,,,,,
2025-02-21,2025,202502,202546,EC-HK,HK,EC,EC,EC-HK,Hongkong,,,HK,,0.0000,,UA.com,3026629-107,UA HOVR Mega 2 MVMNT-WHT,MEGA,3026629-107-8/9.5,3026629,Footwear,Unisex,Lifestyle,Casual Sneakers,Casual Technical Performance,Regular,1,,,504.00000,,,SS24,1199.000,,Inline
2025-02-21,2025,202502,202546,UABH_HKG_1470,Olympian City,Retail,O&O,BH,Hongkong,,,,Hongkong,1246.0000,,BH,1374889-003,UA Unstoppable Jacket,,1374889-003,1374889,Apparel,Womens,Sportstyle,Tops,Warmup Tops,Loose,1,,,899.00000,,,SS25,899.000,,Inline
2025-02-21,2025,202502,202546,UAFH_HKG_1820,City Gate,Retail,O&O,FH,Hongkong,,Hongkong,,Hongkong,2583.0000,,FH,1380923-200,UA Loudon CB SM Prtd,,1380923-200,1380923,Accessories,Unisex,Sportstyle,Bags,Shoulder Bags,One Size Fits Most,1,,,146.51000,,,FW24,0.000,,Inline
2025-02-21,2025,202502,202546,EC-HK,HK,EC,EC,EC-HK,Hongkong,,,HK,,0.0000,,UA.com,1386251-001,Unisex UA Team Crew,,1386251-001-LG,1386251,Accessories,Adult Unisex,Training,Socks,High Socks,Regular,1,,,57.02000,,,SS25,0.000,,
2025-02-21,2025,202502,202546,UAFH_HKG_1820,City Gate,Retail,O&O,FH,Hongkong,,Hongkong,,Hongkong,2583.0000,,FH,1382582-304,UA LAUNCH SHORTSLEEVE,,1382582-304,1382582,Apparel,Mens,Running,Tops,Short-Sleeves,Fitted,1,,2,179.40000,,179.40000,FW24,0.000,,Inline
2025-02-21,2025,202502,202546,UAFH_HKG_1820,City Gate,Retail,O&O,FH,Hongkong,,Hongkong,,Hongkong,2583.0000,,FH,1385068-001,UA M WORDMARK SS MFO,,1385068-001,1385068,Apparel,Mens,Sportstyle,Tops,Short-Sleeve Graphics,Loose,2,,,373.50000,,,SS24,0.000,,MFO
2025-02-21,2025,202502,202546,UAFH_HKG_1820,City Gate,Retail,O&O,FH,Hongkong,,Hongkong,,Hongkong,2583.0000,,FH,1386681-001,UA LAUNCH CAMO SHORTSLEEVE,,1386681-001,1386681,Apparel,Mens,Running,Tops,Short-Sleeves,Fitted,1,,,221.40000,,,FW24,349.000,,Inline
2025-02-21,2025,202502,202546,UAFH_HKG_1820,City Gate,Retail,O&O,FH,Hongkong,,Hongkong,,Hongkong,2583.0000,,FH,1352026-201,UA UNSTOPPABLE CARGO PANTS,Unstoppable Woven,1352026-201,1352026,Apparel,Mens,Sportstyle,Bottoms,Pants,Fitted,1,,,440.30000,,,SS24,999.000,,Inline
2025-02-21,2025,202502,202546,UAFH_HKG_1820,City Gate,Retail,O&O,FH,Hongkong,,Hongkong,,Hongkong,2583.0000,,FH,1370951-001,UA M L CHEST LOCKUP SS MFO,Others,1370951-001,1370951,Apparel,Mens,Sportstyle,Tops,Short-Sleeve Graphics,Loose,1,2,,139.30000,318.40000,,FW23,249.000,Others,MFO
2025-02-21,2025,202502,202546,UABH_HKG_2262,Manning House,Retail,O&O,BH,Hongkong,,,,,5372.0000,,BH,1383669-025,Vanish Elite Vent Prtd SS-GRY,,1383669-025,1383669,Apparel,Mens,Training,Tops,Short-Sleeves,Fitted,3,1,,1647.00000,549.00000,,SS25,499.000,,Inline
2025-02-21,2025,202502,202546,EC-HK,HK,EC,EC,EC-HK,Hongkong,,,HK,,0.0000,,UA.com,1382617-840,UA LAUNCH 5'' SHORTS,,1382617-840-MD,1382617,Apparel,Mens,Running,Bottoms,Shorts,Fitted,1,,,172.97000,,,FW24,0.000,,Inline
2025-02-21,2025,202502,202546,EC-HK,HK,EC,EC,EC-HK,Hongkong,,,HK,,0.0000,,UA.com,1383322-001,UA HG Armour Printed Lgs-BLK,,1383322-001-LG,1383322,Apparel,Mens,Training,Bottoms,Leggings,Compression,1,,,171.02000,,,,0.000,,
2025-02-21,2025,202502,202546,UAFH_HKG_1820,City Gate,Retail,O&O,FH,Hongkong,,Hongkong,,Hongkong,2583.0000,,FH,1382434-001,UA Streaker SS,Others,1382434-001,1382434,Apparel,Womens,Running,Tops,Short-Sleeves,Fitted,2,2,1,538.20000,418.60000,119.60000,SS25,299.000,,Inline
2025-02-21,2025,202502,202546,UAFH_HKG_1820,City Gate,Retail,O&O,FH,Hongkong,,Hongkong,,Hongkong,2583.0000,,FH,3026679-001,UA Charged Revitalize-BLK,REVITALIZE,3026679-001,3026679,Footwear,Mens,Lifestyle,Casual Sneakers,Casual Visual Cushioning,Regular,2,,,576.45000,,,FW24,449.000,,Inline
2025-02-21,2025,202502,202546,UAFH_HKG_1820,City Gate,Retail,O&O,FH,Hongkong,,Hongkong,,Hongkong,2583.0000,,FH,3026998-001,UA Charged Rogue 4,ROGUE,3026998-001,3026998,Footwear,Mens,Running,Performance Sneakers,Visual Cushioning,Regular,2,,,670.88000,,,FW24,699.000,,Inline
2025-02-21,2025,202502,202546,UAFH_HKG_1820,City Gate,Retail,O&O,FH,Hongkong,,Hongkong,,Hongkong,2583.0000,,FH,1379727-001,UA Playoff Jacquard LS Polo-BLK/WHT/BLK-3XL,,1379727-001,1379727,Apparel,Mens,Golf,Tops,Long-Sleeve Polos,Loose,1,,,363.30000,,,,,,
2025-02-21,2025,202502,202546,UAFH_HKG_1820,City Gate,Retail,O&O,FH,Hongkong,,Hongkong,,Hongkong,2583.0000,,FH,1326799-300,UA M SPORTSTYLE LC SS,,1326799-300,1326799,Apparel,Mens,Sportstyle,Tops,Short-Sleeve Graphics,Loose,2,,1,278.60000,,99.50000,SS25,199.000,,Inline
2025-02-21,2025,202502,202546,EC-HK,HK,EC,EC,EC-HK,Hongkong,,,HK,,0.0000,,UA.com,1386560-001,UA Vibe Woven Cargo Short,,1386560-001-XL,1386560,Apparel,Mens,Sportstyle,Bottoms,Shorts,Loose,1,,,548.99000,,,SS25,599.000,,Inline
2025-02-21,2025,202502,202546,UAFH_HKG_1820,City Gate,Retail,O&O,FH,Hongkong,,Hongkong,,Hongkong,2583.0000,,FH,1376799-025,UA OUTRUN THE STORM PANT,OutRun the Storm,1376799-025,1376799,Apparel,Mens,Running,Bottoms,Pants,Fitted,1,2,,475.44000,891.45000,,SS25,899.000,,Inline
2025-02-21,2025,202502,202546,UABH_HKG_2262,Manning House,Retail,O&O,BH,Hongkong,,,,,5372.0000,,BH,1376781-432,UA Vanish Elite Seamless SS,,1376781-432,1376781,Apparel,Mens,Training,Tops,Short-Sleeves,Fitted,1,,,479.94000,,,FW24,0.000,,Inline
2025-02-21,2025,202502,202546,UAFH_HKG_1820,City Gate,Retail,O&O,FH,Hongkong,,Hongkong,,Hongkong,2583.0000,,FH,1382818-410,UA Empower Dress,Golf,1382818-410,1382818,Apparel,Womens,Golf,Dresses,Dress,Fitted,1,,,335.20000,,,SS24,699.000,,Inline
2025-02-21,2025,202502,202546,UAFH_HKG_1820,City Gate,Retail,O&O,FH,Hongkong,,Hongkong,,Hongkong,2583.0000,,FH,1382732-263,Journey Rib OS Hdy-LG,,1382732-263,1382732,Apparel,Womens,Training,Tops,Warmup Tops,No Fit Type,1,,,559.30000,,,,0.000,,
2025-02-21,2025,202502,202546,UAFH_HKG_1820,City Gate,Retail,O&O,FH,Hongkong,,Hongkong,,Hongkong,2583.0000,,FH,3027189-001,UA Infinite Pro-BLK,INFINITE,3027189-001,3027189,Footwear,Mens,Running,Performance Sneakers,Technical Performance,Regular,1,,,519.60000,,,FW24,1299.000,,Inline
2025-02-21,2025,202502,202546,EC-HK,HK,EC,EC,EC-HK,Hongkong,,,HK,,0.0000,,UA.com,1361492-001,UA LAUNCH 5'' SHORT,Launch,1361492-001-MD,1361492,Apparel,Mens,Running,Bottoms,Shorts,Fitted,1,,,115.03000,,,FW23,349.000,Others,Inline
2025-02-21,2025,202502,202546,EC-HK,HK,EC,EC,EC-HK,Hongkong,,,HK,,0.0000,,UA.com,3027099-001,UA BGS Assert 10 UFM SYN,,3027099-001-5,3027099,Footwear,Boys,Running,Performance Sneakers,Visual Cushioning,Regular,1,,,238.98000,,,FW24,499.000,,Inline
2025-02-21,2025,202502,202546,UAFH_HKG_1820,City Gate,Retail,O&O,FH,Hongkong,,Hongkong,,Hongkong,2583.0000,,FH,1370951-471,UA Left Chest Lockup Tee-BLU,,1370951-471,1370951,Apparel,Mens,Training,Tops,Short-Sleeve Graphics,Loose,3,,,319.70000,,,SS24,0.000,,MFO
2025-02-21,2025,202502,202546,UABH_HKG_2262,Manning House,Retail,O&O,BH,Hongkong,,,,,5372.0000,,BH,1376079-001,UA Iso-Chill AD 1pk Mid,OTHERS,1376079-001,1376079,Accessories,Unisex,Training,Socks,High Socks,Regular,1,,1,129.00000,,129.00000,SS25,139.000,,Inline
2025-02-21,2025,202502,202546,UABH_HKG_1470,Olympian City,Retail,O&O,BH,Hongkong,,,,Hongkong,1246.0000,,BH,1383364-015,UA Launch Elite Shortsleeve,Launch Elite,1383364-015,1383364,Apparel,Womens,Running,Tops,Short-Sleeves,Loose,1,,,279.30000,,,FW24,499.000,,Inline
2025-02-21,2025,202502,202546,UABH_HKG_2262,Manning House,Retail,O&O,BH,Hongkong,,,,,5372.0000,,BH,3028077-102,UA W Dynamic 2,,3028077-102,3028077,Footwear,Womens,Training,Performance Sneakers,Technical Performance,Regular,1,,,1049.00000,,,SS25,1099.000,,Inline
2025-02-21,2025,202502,202546,UABH_HKG_2262,Manning House,Retail,O&O,BH,Hongkong,,,,,5372.0000,,BH,1376231-114,Curry UA AD Playmaker 1p Mid-LG,,1376231-114,1376231,Accessories,Unisex,Basketball,Socks,High Socks,Regular,1,,,169.00000,,,SS25,169.000,,Inline
2025-02-21,2025,202502,202546,UAFH_HKG_1820,City Gate,Retail,O&O,FH,Hongkong,,Hongkong,,Hongkong,2583.0000,,FH,1352027-253,UA UNSTOPPABLE JOGGERS,,1352027-253,1352027,Apparel,Mens,Sportstyle,Bottoms,Pants,Fitted,2,,,880.60000,,,SS24,0.000,,Inline
2025-02-21,2025,202502,202546,UAFH_HKG_1820,City Gate,Retail,O&O,FH,Hongkong,,Hongkong,,Hongkong,2583.0000,,FH,1361648-001,UA Pjt Rock HG IsoChill Sts,Project Rock,1361648-001,1361648,Apparel,Mens,Training,Bottoms,Shorts,Compression,2,,,278.00000,,,SS22,549.000,,Inline
2025-02-21,2025,202502,202546,UAFH_HKG_1820,City Gate,Retail,O&O,FH,Hongkong,,Hongkong,,Hongkong,2583.0000,,FH,1382615-539,UA LASER WASH SHORTSLEEVE-PPL,Iso Chill Run,1382615-539,1382615,Apparel,Mens,Running,Tops,Short-Sleeves,Fitted,1,,,279.20000,,,SS24,549.000,,Inline
2025-02-21,2025,202502,202546,UAFH_HKG_1820,City Gate,Retail,O&O,FH,Hongkong,,Hongkong,,Hongkong,2583.0000,,FH,1377362-100,UA Luxe Polo,Golf Polo-Luxe,1377362-100,1377362,Apparel,Mens,Golf,Tops,Short-Sleeve Polos,Loose,1,,,199.00000,,,FW23,749.000,Others,Inline
2025-02-21,2025,202502,202546,UAFH_HKG_1820,City Gate,Retail,O&O,FH,Hongkong,,Hongkong,,Hongkong,2583.0000,,FH,1376705-015,W BLITZING37 ADJ-GRY,,1376705-015,1376705,Accessories,Womens,Sportstyle,Headwear,Caps,One Size Fits Most,2,,,208.50000,,,SS24,0.000,,Inline
2025-02-21,2025,202502,202546,EC-HK,HK,EC,EC,EC-HK,Hongkong,,,HK,,0.0000,,UA.com,1386877-001,UA Pjt Rck Rspct SS,,1386877-001-MD,1386877,Apparel,Mens,Sportstyle,Tops,Short-Sleeves,Loose,1,,,172.97000,,,FW24,0.000,,Inline
2025-02-21,2025,202502,202546,UABH_HKG_2262,Manning House,Retail,O&O,BH,Hongkong,,,,,5372.0000,,BH,1383973-001,Vanish Energy SS-BLK,Others,1383973-001,1383973,Apparel,Mens,Training,Tops,Short-Sleeves,Loose,1,,,349.00000,,,SS25,349.000,,Inline
2025-02-21,2025,202502,202546,UAFH_HKG_1820,City Gate,Retail,O&O,FH,Hongkong,,Hongkong,,Hongkong,2583.0000,,FH,1379774-410,UA Rival Fleece Joggers,Others,1379774-410,1379774,Apparel,Mens,Sportstyle,Bottoms,Fleece Bottoms,Loose,1,,2,314.30000,,493.90000,SS25,499.000,,Inline
2025-02-21,2025,202502,202546,UAFH_HKG_1820,City Gate,Retail,O&O,FH,Hongkong,,Hongkong,,Hongkong,2583.0000,,FH,1383923-001,UA RUN TRAIL GRAPHIC TEE,Trail Run,1383923-001,1383923,Apparel,Mens,Outdoor,Tops,Short-Sleeves,Fitted,1,,,207.20000,,,SS24,349.000,,Inline
2025-02-21,2025,202502,202546,UAFH_HKG_1820,City Gate,Retail,O&O,FH,Hongkong,,Hongkong,,Hongkong,2583.0000,,FH,1379727-410,UA Playoff Jacquard LS Polo-MDN/MDN-3XL,Golf Polo-Playoff,1379727-410,1379727,Apparel,Mens,Golf,Tops,Long-Sleeve Polos,Loose,1,,,363.30000,,,FW23,749.000,Others,Inline
2025-02-21,2025,202502,202546,EC-HK,HK,EC,EC,EC-HK,Hongkong,,,HK,,0.0000,,UA.com,1385358-290,UA Studio Mini XB Tote,Others,1385358-290-OSFM,1385358,Accessories,Womens,Sportstyle,Bags,Shoulder Bags,One Size Fits Most,1,,,349.00000,,,FW24,399.000,,Inline
2025-02-21,2025,202502,202546,EC-HK,HK,EC,EC,EC-HK,Hongkong,,,HK,,0.0000,,UA.com,1361524-466,UA HG Armour Comp LS,,1361524-466-LG,1361524,Apparel,Mens,Training,TOPS,Long-Sleeves," COMPRESSION",2,,,244.00000,,,,,,
2025-02-21,2025,202502,202546,UAFH_HKG_1820,City Gate,Retail,O&O,FH,Hongkong,,Hongkong,,Hongkong,2583.0000,,FH,1290140-410,TECH POLO,Others,1290140-410,1290140,Apparel,Mens,Golf,Tops,Short-Sleeve Polos,Loose,1,1,,279.20000,244.30000,,SS25,349.000,,Inline
2025-02-21,2025,202502,202546,EC-HK,HK,EC,EC,EC-HK,Hongkong,,,HK,,0.0000,,UA.com,1382585-304,UA LAUNCH SINGLET,,1382585-304-LG,1382585,Apparel,Mens,Running,Tops,Sleeveless,Fitted,1,,,147.00000,,,FW24,0.000,,Inline
2025-02-21,2025,202502,202546,UAFH_HKG_1820,City Gate,Retail,O&O,FH,Hongkong,,Hongkong,,Hongkong,2583.0000,,FH,1361903-391,UA M STACKED LOGO FILL SS,,1361903-391,1361903,Apparel,Mens,Outdoor,Tops,Short-Sleeve Graphics,Loose,3,,1,466.87000,,130.72000,FW24,0.000,,Inline
2025-02-21,2025,202502,202546,UAFH_HKG_1820,City Gate,Retail,O&O,FH,Hongkong,,Hongkong,,Hongkong,2583.0000,,FH,1382742-273,UA Rival Terry Short-BRN,,1382742-273,1382742,Apparel,Womens,Training,Bottoms,Shorts,Loose,1,,,146.30000,,,,0.000,,
2025-02-21,2025,202502,202546,UABH_HKG_1470,Olympian City,Retail,O&O,BH,Hongkong,,,,Hongkong,1246.0000,,BH,1376700-100,Men's UA Blitzing,OTHERS,1376700-100,1376700,Accessories,Mens,Sportstyle,Headwear,Caps,Stretch Fit,1,,,229.00000,,,SS25,249.000,,Inline
2025-02-21,2025,202502,202546,UAFH_HKG_1820,City Gate,Retail,O&O,FH,Hongkong,,Hongkong,,Hongkong,2583.0000,,FH,1382875-200,UA Legacy Windbreaker,,1382875-200,1382875,Apparel,Mens,Sportstyle,Tops,Long-Sleeves,Loose,1,2,,415.20000,838.88000,,SS24,0.000,,Inline
2025-02-21,2025,202502,202546,UAFH_HKG_1820,City Gate,Retail,O&O,FH,Hongkong,,Hongkong,,Hongkong,2583.0000,,FH,1352026-001,UA UNSTOPPABLE CARGO PANTS,Wovens,1352026-001,1352026,Apparel,Mens,Sportstyle,Bottoms,Pants,Fitted,3,,,1395.03000,,,FW24,999.000,,Inline
2025-02-21,2025,202502,202546,EC-HK,HK,EC,EC,EC-HK,Hongkong,,,HK,,0.0000,,UA.com,1326413-426,UA Tech 2.0 SS Tee,,1326413-426-MD,1326413,Apparel,Mens,Training,Tops,Short-Sleeves,Loose,1,,,80.01000,,,FW23,0.000,Others,Inline
2025-02-21,2025,202502,202546,UABH_HKG_1470,Olympian City,Retail,O&O,BH,Hongkong,,,,Hongkong,1246.0000,,BH,1382531-001,UA Meridian Flare Pant,Meridian Bottom,1382531-001,1382531,Apparel,Womens,Training,Bottoms,Leggings,Fitted,1,,,649.00000,,,SS25,749.000,,Inline
2025-02-21,2025,202502,202546,UAFH_HKG_1820,City Gate,Retail,O&O,FH,Hongkong,,Hongkong,,Hongkong,2583.0000,,FH,1376456-001,UA Essential Backpack SM-BLK,OTHERS,1376456-001,1376456,Accessories,Unisex,Sportstyle,Bags,Backpacks,One Size Fits Most,1,,,195.30000,,,SS25,299.000,,Inline
2025-02-21,2025,202502,202546,UABH_HKG_2262,Manning House,Retail,O&O,BH,Hongkong,,,,,5372.0000,,BH,6000581-044,Meridian SK SS Hoodie-3XL,,6000581-044,6000581,Apparel,Mens,Training,Tops,Short-Sleeves,Loose,1,,,649.00000,,,SS25,599.000,,Inline
2025-02-21,2025,202502,202546,EC-HK,HK,EC,EC,EC-HK,Hongkong,,,HK,,0.0000,,UA.com,3027049-126,UA Slipspeed Trainer SYN,,3027049-126-10.5/12,3027049,Footwear,Adult Unisex,Sportstyle,Performance Sneakers,Technical Performance,Regular,1,,,584.99000,,,FW24,999.000,,Inline
2025-02-21,2025,202502,202546,EC-HK,HK,EC,EC,EC-HK,Hongkong,,,HK,,0.0000,,UA.com,1376955-011,UA Tech Vent Short,Others,1376955-011-MD,1376955,Apparel,Mens,Training,Bottoms,Shorts,Loose,1,,,172.97000,,,FW24,349.000,,Inline
2025-02-21,2025,202502,202546,UAFH_HKG_1820,City Gate,Retail,O&O,FH,Hongkong,,Hongkong,,Hongkong,2583.0000,,FH,1326413-001,UA Tech 2.0 SS Tee,0,1326413-001,1326413,Apparel,Mens,Training,Tops,Short-Sleeves,Loose,1,3,4,160.30000,526.70000,480.90000,SS25,249.000,,Inline
2025-02-21,2025,202502,202546,EC-HK,HK,EC,EC,EC-HK,Hongkong,,,HK,,0.0000,,UA.com,1361506-025,UA HG Armour Fitted LS,,1361506-025-MD,1361506,Apparel,Mens,Training,Tops,Long-Sleeves,Fitted,1,,,183.00000,,,FW24,0.000,,Inline
2025-02-21,2025,202502,202546,EC-HK,HK,EC,EC,EC-HK,Hongkong,,,HK,,0.0000,,UA.com,1383656-348,Tech Tank Twist,,1383656-348-XS,1383656,Apparel,Womens,Training,TOPS,Sleeveless," LOOSE",1,,,229.02000,,,,,,
2025-02-21,2025,202502,202546,UAFH_HKG_1820,City Gate,Retail,O&O,FH,Hongkong,,Hongkong,,Hongkong,2583.0000,,FH,1386317-100,Unisex UA TC 6pk No Show,,1386317-100,1386317,Accessories,Adult Unisex,Training,Socks,Low Socks,Regular,1,2,,143.20000,358.00000,,SS25,199.000,,Inline
2025-02-21,2025,202502,202546,EC-HK,HK,EC,EC,EC-HK,Hongkong,,,HK,,0.0000,,UA.com,1387447-410,Pjt Rck SS Terry Hdy,,1387447-410-MD,1387447,Apparel,Mens,Sportstyle,Tops,Fleece Tops,Loose,1,,,262.02000,,,FW24,0.000,,Inline
2025-02-21,2025,202502,202546,UAFH_HKG_1820,City Gate,Retail,O&O,FH,Hongkong,,Hongkong,,Hongkong,2583.0000,,FH,1379530-001,UA Performance Cotton 3p Mid,Others,1379530-001,1379530,Accessories,Adult Unisex,Sportstyle,Socks,High Socks,Regular,2,2,,238.50000,318.00000,,SS25,149.000,,Inline
2025-02-21,2025,202502,202546,UAFH_HKG_1820,City Gate,Retail,O&O,FH,Hongkong,,Hongkong,,Hongkong,2583.0000,,FH,1369790-003,W ESSENTIAL BLTZ37 ADJ-BLK,OTHERS,1369790-003,1369790,Accessories,Womens,Sportstyle,Headwear,Caps,One Size Fits Most,1,,1,135.20000,,67.60000,SS25,199.000,,Inline
2025-02-21,2025,202502,202546,EC-HK,HK,EC,EC,EC-HK,Hongkong,,,HK,,0.0000,,UA.com,1370986-001,UA UNSTOPPABLE CROP PANT,Unstoppable Bottoms,1370986-001-XL,1370986,Apparel,Mens,Training,Bottoms,Pants,Fitted,1,,,559.01000,,,FW24,899.000,,Inline
2025-02-21,2025,202502,202546,UAFH_HKG_1820,City Gate,Retail,O&O,FH,Hongkong,,Hongkong,,Hongkong,2583.0000,,FH,1383357-001,UA Tech Woven 5in Short-BLK,Others,1383357-001,1383357,Apparel,Mens,Training,Bottoms,Shorts,Loose,1,,1,209.30000,,149.50000,SS25,299.000,,Inline
2025-02-21,2025,202502,202546,EC-HK,HK,EC,EC,EC-HK,Hongkong,,,HK,,0.0000,,UA.com,1370222-400,UA PERIMETER 11'' SHORT-BLU,,1370222-400-MD,1370222,Apparel,Mens,Basketball,Bottoms,Shorts,Loose,1,,,146.02000,,,FW23,0.000,Others,Inline
2025-02-21,2025,202502,202546,UAFH_HKG_1820,City Gate,Retail,O&O,FH,Hongkong,,Hongkong,,Hongkong,2583.0000,,FH,1370951-408,UA Left Chest Lockup Tee,Others,1370951-408,1370951,Apparel,Mens,Training,Tops,Short sleeve,Loose,1,,,111.20000,,,SS24,249.000,,MFO
2025-02-21,2025,202502,202546,EC-HK,HK,EC,EC,EC-HK,Hongkong,,,HK,,0.0000,,UA.com,3028401-500,GS CURRY 3Z 24 SDE,,3028401-500-5.5,3028401,Footwear,Youth Unisex,Basketball,Performance Sneakers,Court Performance,Regular,1,,,648.98000,,,SS25,0.000,,Inline
2025-02-21,2025,202502,202546,UAFH_HKG_1820,City Gate,Retail,O&O,FH,Hongkong,,Hongkong,,Hongkong,2583.0000,,FH,1384246-490,Velocity Solid SSC,Others,1384246-490,1384246,Apparel,Womens,Training,Tops,Short-Sleeves,Loose,1,,,111.44000,,,FW24,249.000,,MFO
2025-02-21,2025,202502,202546,UABH_HKG_1470,Olympian City,Retail,O&O,BH,Hongkong,,,,Hongkong,1246.0000,,BH,6006146-453,CURRY 12 WTB,,6006146-453,6006146,Footwear,Adult Unisex,Basketball,Performance Sneakers,Court Performance,Regular,1,,,699.50000,,,SS25,1299.000,,Inline
2025-02-21,2025,202502,202546,UAFH_HKG_1820,City Gate,Retail,O&O,FH,Hongkong,,Hongkong,,Hongkong,2583.0000,,FH,1326413-390,UA Tech 2.0 SS Tee,Others,1326413-390,1326413,Apparel,Mens,Training,Tops,Short-Sleeves,Loose,1,,,183.20000,,,SS25,249.000,,Inline
2025-02-21,2025,202502,202546,UABH_HKG_2262,Manning House,Retail,O&O,BH,Hongkong,,,,,5372.0000,,BH,1383897-001,UA Pure Stretch NS BKN,,1383897-001,1383897,Apparel,Womens,Training,Underwear,Underwear Bottoms,Fitted,1,,1,299.00000,,299.00000,SS24,0.000,,Licensed (Non-Uniform)
2025-02-21,2025,202502,202546,UAFH_HKG_1820,City Gate,Retail,O&O,FH,Hongkong,,Hongkong,,Hongkong,2583.0000,,FH,1383352-044,UA Icon Volley Vented Shorts-GRY,Sporstyle Woven,1383352-044,1383352,Apparel,Mens,Sportstyle,Bottoms,Shorts,Loose,1,,,247.20000,,,SS24,499.000,,Inline
2025-02-21,2025,202502,202546,UAFH_HKG_1820,City Gate,Retail,O&O,FH,Hongkong,,Hongkong,,Hongkong,2583.0000,,FH,1386785-230,UA M OUTDOOR TENT SS,,1386785-230,1386785,Apparel,Mens,Outdoor,Tops,Short-Sleeve Graphics,Loose,2,,,280.12000,,,FW24,0.000,,Inline
2025-02-21,2025,202502,202546,UABH_HKG_1470,Olympian City,Retail,O&O,BH,Hongkong,,,,Hongkong,1246.0000,,BH,1382641-025,UA LAUNCH 7'' 2-IN-1 SHORT,Others,1382641-025,1382641,Apparel,Mens,Running,Bottoms,Shorts,Fitted,1,,,399.00000,,,SS25,399.000,,Inline
2025-02-21,2025,202502,202546,EC-HK,HK,EC,EC,EC-HK,Hongkong,,,HK,,0.0000,,UA.com,1361225-001,UA Contain Duo SM Duffle,0,1361225-001-OSFA,1361225,Accessories,Unisex,Training,Bags,Duffels,One Size Fits All,1,,,210.01000,,,FW23,599.000,Others,Inline
2025-02-21,2025,202502,202546,UAFH_HKG_1820,City Gate,Retail,O&O,FH,Hongkong,,Hongkong,,Hongkong,2583.0000,,FH,1377916-100,Crossback Longline-WHT,Crossback,1377916-100,1377916,Apparel,Womens,Training,Bras,Sport Bras,Compression,1,,,146.30000,,,SS24,399.000,,Inline
2025-02-21,2025,202502,202546,UABH_HKG_2262,Manning House,Retail,O&O,BH,Hongkong,,,,,5372.0000,,BH,1365226-025,UA HG IsoChill Leggings,,1365226-025,1365226,Apparel,Mens,Training,Bottoms,Leggings,Compression,1,,,349.30000,,,FW24,0.000,,Inline
2025-02-21,2025,202502,202546,UABH_HKG_1470,Olympian City,Retail,O&O,BH,Hongkong,,,,Hongkong,1246.0000,,BH,1390244-101,UA Meridian Pocket Tee,,1390244-101,1390244,Apparel,Mens,Training,Tops,Short-Sleeves,Loose,1,,,439.20000,,,SS25,549.000,,Inline
2025-02-21,2025,202502,202546,UAFH_HKG_1820,City Gate,Retail,O&O,FH,Hongkong,,Hongkong,,Hongkong,2583.0000,,FH,1365336-001,Tech HiRise Legging-BLK,Armour HG,1365336-001,1365336,Apparel,Womens,Training,Bottoms,Leggings,Compression,1,,,319.20000,,,SS25,499.000,,Inline
2025-02-21,2025,202502,202546,UABH_HKG_1470,Olympian City,Retail,O&O,BH,Hongkong,,,,Hongkong,1246.0000,,BH,6006012-279,APAC W CNY HW Terry Pant-BRN,,6006012-279,6006012,Apparel,Womens,Sportstyle,Bottoms,Pants,Loose,1,,1,749.00000,,749.00000,SS25,799.000,,Regional Development (incl. Dome)
2025-02-21,2025,202502,202546,EC-HK,HK,EC,EC,EC-HK,Hongkong,,,HK,,0.0000,,UA.com,1382849-001,UA Bball Net Wordmark SS-BLK,,1382849-001-SM,1382849,Apparel,Mens,Basketball,Tops,Short-Sleeve Graphics,Loose,1,,,136.97000,,,SS24,0.000,,Inline
2025-02-21,2025,202502,202546,UAFH_HKG_1820,City Gate,Retail,O&O,FH,Hongkong,,Hongkong,,Hongkong,2583.0000,,FH,1382435-001,UA Streaker Splatter SS,Others,1382435-001,1382435,Apparel,Womens,Running,Tops,Short-Sleeves,Fitted,2,,1,328.50000,,118.08000,SS24,349.000,,Inline
2025-02-21,2025,202502,202546,EC-HK,HK,EC,EC,EC-HK,Hongkong,,,HK,,0.0000,,UA.com,1366138-390,UA Rush Energy SS-GRN,,1366138-390-MD,1366138,Apparel,Mens,Training,Tops,Short-Sleeves,Loose,1,,,122.00000,,,FW23,349.000,Vanish,Inline
2025-02-21,2025,202502,202546,UABH_HKG_2262,Manning House,Retail,O&O,BH,Hongkong,,,,,5372.0000,,BH,1383973-025,UA Rush Energy SS,Others,1383973-025,1383973,Apparel,Mens,Training,Tops,Short-Sleeves,Loose,1,1,,349.00000,349.00000,,SS25,349.000,,Inline
2025-02-21,2025,202502,202546,UAFH_HKG_1820,City Gate,Retail,O&O,FH,Hongkong,,Hongkong,,Hongkong,2583.0000,,FH,1373989-001,UA VINTAGE TYPE SS-BLK,,1373989-001,1373989,Apparel,Mens,Training,Tops,Short-Sleeve Graphics,Loose,2,,,298.80000,,,,0.000,,
2025-02-21,2025,202502,202546,UAFH_HKG_1820,City Gate,Retail,O&O,FH,Hongkong,,Hongkong,,Hongkong,2583.0000,,FH,1383243-044,UA RUN TRAIL JACKET-GRY,Trail Run,1383243-044,1383243,Apparel,Mens,Running,Outerwear,Jackets,Loose,1,,,587.30000,,,SS24,1199.000,,Inline
2025-02-21,2025,202502,202546,UAFH_HKG_1820,City Gate,Retail,O&O,FH,Hongkong,,Hongkong,,Hongkong,2583.0000,,FH,3027219-002,UA M Ignite Select,,3027219-002,3027219,Footwear,Mens,Sportstyle,Sandals,Slides,Regular,3,,,525.80000,,,SS25,249.000,,Inline
2025-02-21,2025,202502,202546,UAFH_HKG_1820,City Gate,Retail,O&O,FH,Hongkong,,Hongkong,,Hongkong,2583.0000,,FH,1383352-289,UA Airvent Volley Shorts-BRN,Sporstyle Woven,1383352-289,1383352,Apparel,Mens,Training,Bottoms,Shorts,Loose,1,,,247.20000,,,SS24,499.000,,Inline
2025-02-21,2025,202502,202546,UAFH_HKG_1820,City Gate,Retail,O&O,FH,Hongkong,,Hongkong,,Hongkong,2583.0000,,FH,1380186-114,Pjt Rck Everyday Terry Hdy-LG,Project Rock,1380186-114,1380186,Apparel,Womens,Training,Tops,Fleece Tops,Loose,2,,,418.00000,,,FW23,699.000,Project Rock,Inline
2025-02-21,2025,202502,202546,UAFH_HKG_1820,City Gate,Retail,O&O,FH,Hongkong,,Hongkong,,Hongkong,2583.0000,,FH,1379344-400,UA Qualifier Cold Funnel-LG,,1379344-400,1379344,Apparel,Womens,Running,Tops,Warmup Tops,Fitted,2,,,318.00000,,,FW23,,Others,Inline
2025-02-21,2025,202502,202546,UAFH_HKG_1820,City Gate,Retail,O&O,FH,Hongkong,,Hongkong,,Hongkong,2583.0000,,FH,1383354-025,UA Tech Wdmk Shorts,Others,1383354-025,1383354,Apparel,Mens,Training,Bottoms,Shorts,Loose,1,,,186.75000,,,FW24,299.000,,Inline
2025-02-21,2025,202502,202546,UAFH_HKG_1820,City Gate,Retail,O&O,FH,Hongkong,,Hongkong,,Hongkong,2583.0000,,FH,1376927-426,UA Unstoppable Pant-LG,,1376927-426,1376927,Apparel,Womens,Training,Bottoms,Pants,Loose,1,,1,179.00000,,269.70000,,0.000,,
2025-02-21,2025,202502,202546,UAFH_HKG_1820,City Gate,Retail,O&O,FH,Hongkong,,Hongkong,,Hongkong,2583.0000,,FH,1376454-001,UA Undeniable 5.0 Duffle XXS,UNDENIABLE DUFFLE,1376454-001,1376454,Accessories,Unisex,Training,Bags,Duffels,One Size Fits Most,1,,,195.30000,,,SS25,299.000,,Inline
2025-02-21,2025,202502,202546,UAFH_HKG_1820,City Gate,Retail,O&O,FH,Hongkong,,Hongkong,,Hongkong,2583.0000,,FH,1380986-114,UA ANYWHERE LONGSLEEVE,,1380986-114,1380986,Apparel,Womens,Running,Tops,Long-Sleeves,Fitted,2,,,198.00000,,,FW23,0.000,AMP,Inline
2025-02-21,2025,202502,202546,EC-HK,HK,EC,EC,EC-HK,Hongkong,,,HK,,0.0000,,UA.com,1377181-001,UA Rush Woven FZ,Rush Woven,1377181-001-SM,1377181,Apparel,Mens,Training,Tops,Warmup Tops,Loose,1,,,385.00000,,,FW23,1099.000,Vanish,Inline
2025-02-21,2025,202502,202546,EC-HK,HK,EC,EC,EC-HK,Hongkong,,,HK,,0.0000,,UA.com,1376453-003,UA Undeniable Signature DF,,1376453-003-OSFM,1376453,Accessories,Womens,Training,Bags,Duffels,One Size Fits Most,1,,1,235.99000,,238.06000,SS24,399.000,,MFO
2025-02-21,2025,202502,202546,EC-HK,HK,EC,EC,EC-HK,Hongkong,,,HK,,0.0000,,UA.com,1383660-001,Campus Crop Tank-BLK,,1383660-001-MD,1383660,Apparel,Womens,Training,Tops,Sleeveless,Loose,1,,,138.99000,,,SS24,0.000,,Inline
2025-02-21,2025,202502,202546,EC-HK,HK,EC,EC,EC-HK,Hongkong,,,HK,,0.0000,,UA.com,3026179-104,UA W Charged Assert 10,ASSERT,3026179-104-6.5,3026179,Footwear,Womens,Running,Performance Sneakers,Visual Cushioning,Regular,1,,,268.99000,,,SS25,649.000,,Inline
2025-02-21,2025,202502,202546,UABH_HKG_2262,Manning House,Retail,O&O,BH,Hongkong,,,,,5372.0000,,BH,1381914-263,UA Sportstyle Lite WB Xbody,,1381914-263,1381914,Accessories,Unisex,Sportstyle,Bags,Waistpacks,One Size Fits Most,1,,,114.50000,,,FW24,0.000,,Inline
2025-02-21,2025,202502,202546,UABH_HKG_2262,Manning House,Retail,O&O,BH,Hongkong,,,,,5372.0000,,BH,1383882-035,M UA Perf Tech 3in,,1383882-035,1383882,Apparel,Mens,Training,Underwear,Underwear Bottoms,Fitted,1,1,,399.00000,399.00000,,SS24,399.000,,Licensed (Non-Uniform)
2025-02-21,2025,202502,202546,UAFH_HKG_1820,City Gate,Retail,O&O,FH,Hongkong,,Hongkong,,Hongkong,2583.0000,,FH,1384244-001,Velocity Twist SSC,Others,1384244-001,1384244,Apparel,Womens,Training,Tops,Short-Sleeves,Loose,1,2,,199.00000,298.50000,,SS24,249.000,,MFO
2025-02-21,2025,202502,202546,EC-HK,HK,EC,EC,EC-HK,Hongkong,,,HK,,0.0000,,UA.com,3024883-001,UA Surge 3,Others,3024883-001-9,3024883,Footwear,Mens,Running,Sneakers,Low,Regular,3,,2,724.96000,,464.95000,SS24,449.000,,Inline
2025-02-21,2025,202502,202546,UAFH_HKG_1820,City Gate,Retail,O&O,FH,Hongkong,,Hongkong,,Hongkong,2583.0000,,FH,1378170-400,UA IntelliKnit Run Half Zip-LG,,1378170-400,1378170,Apparel,Mens,Running,Tops,Sweaters,Fitted,1,,,159.00000,,,FW23,,Others,Inline
2025-02-21,2025,202502,202546,UABH_HKG_1470,Olympian City,Retail,O&O,BH,Hongkong,,,,Hongkong,1246.0000,,BH,1383878-035,M UA Perf Tech 6in,,1383878-035,1383878,Apparel,Mens,Training,Underwear,Underwear Bottoms,Fitted,1,,,399.00000,,,FW24,399.000,,Licensed (Non-Uniform)
2025-02-21,2025,202502,202546,UAFH_HKG_1820,City Gate,Retail,O&O,FH,Hongkong,,Hongkong,,Hongkong,2583.0000,,FH,3026027-100,UA W Ignite Pro SL-WHT,,3026027-100,3026027,Footwear,Womens,Sideline,Sandals,Slides,Regular,1,,,161.21000,,,FW24,0.000,,Inline
2025-02-21,2025,202502,202546,UABH_HKG_2262,Manning House,Retail,O&O,BH,Hongkong,,,,,5372.0000,,BH,1374644-001,UA STRMPRF CLDSTRKE 2.0 JKT,shell,1374644-001,1374644,Apparel,Mens,Training,Outerwear,Rain/Wind,Loose,1,1,,899.00000,899.00000,,SS24,899.000,,Inline
2025-02-21,2025,202502,202546,UAFH_HKG_1820,City Gate,Retail,O&O,FH,Hongkong,,Hongkong,,Hongkong,2583.0000,,FH,1377043-625,UA OUTRUN THE STORM JACKET-XL,,1377043-625,1377043,Apparel,Womens,Running,Outerwear,Jackets,Fitted,2,2,,832.02000,891.45000,,,0.000,,
2025-02-21,2025,202502,202546,UAFH_HKG_1820,City Gate,Retail,O&O,FH,Hongkong,,Hongkong,,Hongkong,2583.0000,,FH,1375692-804,UA SEAMLESS STRIDE SS,Run Seamless,1375692-804,1375692,Apparel,Mens,Running,Tops,Short-Sleeves,Fitted,1,,,195.30000,,,SS24,399.000,,Inline
2025-02-21,2025,202502,202546,EC-HK,HK,EC,EC,EC-HK,Hongkong,,,HK,,0.0000,,UA.com,1372120-414,MFO Movement Ankle Leg-BLU,,1372120-414-MD,1372120,Apparel,Womens,Training,BOTTOMS,Leggings," FITTED",1,,,138.99000,,,,,,
2025-02-21,2025,202502,202546,EC-HK,HK,EC,EC,EC-HK,Hongkong,,,HK,,0.0000,,UA.com,3027099-001,UA BGS Assert 10 UFM SYN,,3027099-001-4,3027099,Footwear,Boys,Running,Performance Sneakers,Visual Cushioning,Regular,1,1,,168.02000,180.00000,,FW24,499.000,,Inline
2025-02-21,2025,202502,202546,UAFH_HKG_1820,City Gate,Retail,O&O,FH,Hongkong,,Hongkong,,Hongkong,2583.0000,,FH,1385433-539,UA Infinity Mid Rib WM Bra,Infinity,1385433-539,1385433,Apparel,Womens,Training,Bras,Sport Bras,Fitted,1,,,215.20000,,,SS24,449.000,,Inline
2025-02-21,2025,202502,202546,UAFH_HKG_1820,City Gate,Retail,O&O,FH,Hongkong,,Hongkong,,Hongkong,2583.0000,,FH,1361371-361,UA Streaker SS,,1361371-361,1361371,Apparel,Womens,Running,Tops,Short sleeve,Fitted,2,,1,138.00000,,119.60000,,35.000,,
2025-02-21,2025,202502,202546,EC-HK,HK,EC,EC,EC-HK,Hongkong,,,HK,,0.0000,,UA.com,1349125-697,Play Up Twist Shorts 3.0,,1349125-697-XS,1349125,Apparel,Womens,Training,Bottoms,Shorts,Loose,1,,,69.98000,,,FW23,0.000,Others,Inline
2025-02-21,2025,202502,202546,EC-HK,HK,EC,EC,EC-HK,Hongkong,,,HK,,0.0000,,UA.com,1386976-390,UA Meridian Bomber,,1386976-390-MD,1386976,Apparel,Mens,Training,Tops,Long-Sleeves,Loose,1,,,393.01000,,,FW24,749.000,,Inline
2025-02-21,2025,202502,202546,UAFH_HKG_1820,City Gate,Retail,O&O,FH,Hongkong,,Hongkong,,Hongkong,2583.0000,,FH,1290140-001,TECH POLO,other polo,1290140-001,1290140,Apparel,Mens,Golf,Tops,Short-Sleeve Polos,Loose,1,1,3,244.30000,244.30000,628.20000,SS25,399.000,,Inline
2025-02-21,2025,202502,202546,UABH_HKG_2262,Manning House,Retail,O&O,BH,Hongkong,,,,,5372.0000,,BH,1382615-002,UA LAUNCH ELITE WASH SS-BLK/RLT-XL,,1382615-002,1382615,Apparel,Mens,Running,Tops,Short-Sleeves,Fitted,1,,,374.25000,,,,0.000,,
2025-02-21,2025,202502,202546,UAFH_HKG_1820,City Gate,Retail,O&O,FH,Hongkong,,Hongkong,,Hongkong,2583.0000,,FH,1382904-001,"UA HW LC LOGO REPEAT SS ",Graphics,1382904-001,1382904,Apparel,Mens,Sportstyle,Tops,Short-Sleeve Graphics,Loose,1,,,146.30000,,,SS24,349.000,,Inline
2025-02-21,2025,202502,202546,EC-HK,HK,EC,EC,EC-HK,Hongkong,,,HK,,0.0000,,UA.com,1370222-014,UA PERIMETER 11'' SHORT,Baseline,1370222-014-MD,1370222,Apparel,Mens,Basketball,Bottoms,Shorts,Loose,1,,,155.98000,,,FW23,329.000,Others,Inline
2025-02-21,2025,202502,202546,EC-HK,HK,EC,EC,EC-HK,Hongkong,,,HK,,0.0000,,UA.com,1384141-444,UA Baseline Elevated Short -BLU,Baseline,1384141-444-SM,1384141,Apparel,Mens,Basketball,Bottoms,Shorts,Loose,1,,,268.01000,,,SS24,449.000,,Inline
2025-02-21,2025,202502,202546,UABH_HKG_2262,Manning House,Retail,O&O,BH,Hongkong,,,,,5372.0000,,BH,1388084-001,UA Dash Arm Sleeves 1Pair,Others,1388084-001,1388084,Accessories,Adult Unisex,Training,Misc,Sleeves,Compression,1,,,249.00000,,,SS25,199.000,,Inline
2025-02-21,2025,202502,202546,EC-HK,HK,EC,EC,EC-HK,Hongkong,,,HK,,0.0000,,UA.com,1386311-100,Unisex UA TC 3pk Crew-WHT,Others,1386311-100-MD,1386311,Accessories,Adult Unisex,Training,Socks,High Socks,Regular,1,,,119.00000,,,SS25,129.000,,Inline
2025-02-21,2025,202502,202546,EC-HK,HK,EC,EC,EC-HK,Hongkong,,,HK,,0.0000,,UA.com,1361492-001,UA LAUNCH 5'' SHORT,Launch,1361492-001-SM,1361492,Apparel,Mens,Running,Bottoms,Shorts,Fitted,1,,,115.03000,,,FW23,349.000,Others,Inline
2025-02-21,2025,202502,202546,UAFH_HKG_1820,City Gate,Retail,O&O,FH,Hongkong,,Hongkong,,Hongkong,2583.0000,,FH,1326413-090,UA Tech 2.0 SS Tee,Others,1326413-090,1326413,Apparel,Mens,Training,Tops,Short-Sleeves,Loose,1,,,183.20000,,,SS25,249.000,,Inline
2025-02-21,2025,202502,202546,UABH_HKG_2262,Manning House,Retail,O&O,BH,Hongkong,,,,,5372.0000,,BH,1376078-001,UA Iso-Chill AD 1pk NS Tab,OTHERS,1376078-001,1376078,Accessories,Adult Unisex,Training,Socks,Low Socks,Regular,1,,,129.00000,,,SS25,139.000,,Inline
2025-02-21,2025,202502,202546,UAFH_HKG_1820,City Gate,Retail,O&O,FH,Hongkong,,Hongkong,,Hongkong,2583.0000,,FH,1382763-001,Legacy Crinkle Pant-BLK,,1382763-001,1382763,Apparel,Womens,Training,Bottoms,Warmup Bottoms,Loose,1,,1,359.20000,,524.30000,,80.000,,
2025-02-21,2025,202502,202546,UABH_HKG_2262,Manning House,Retail,O&O,BH,Hongkong,,,,,5372.0000,,BH,1369606-001,UA HG Armour Comp Mock LS-BLK,,1369606-001,1369606,Apparel,Mens,Training,Tops,Long-Sleeves,Compression,2,,,698.00000,,,SS25,0.000,,Inline
2025-02-21,2025,202502,202546,EC-HK,HK,EC,EC,EC-HK,Hongkong,,,HK,,0.0000,,UA.com,1366180-410,UA Dash Arm Sleeves 1Pair,RUN EVERYWHERE,1366180-410-L/XL,1366180,Accessories,Adult Unisex,Running,Misc,Sleeves,Regular,1,,,111.00000,,,SS24,199.000,,Inline
2025-02-21,2025,202502,202546,UABH_HKG_1470,Olympian City,Retail,O&O,BH,Hongkong,,,,Hongkong,1246.0000,,BH,3028076-002,UA Dynamic 2,,3028076-002,3028076,Footwear,Mens,Training,Performance Sneakers,Technical Performance,Regular,1,,,1049.00000,,,SS25,1099.000,,Inline
2025-02-21,2025,202502,202546,UAFH_HKG_1820,City Gate,Retail,O&O,FH,Hongkong,,Hongkong,,Hongkong,2583.0000,,FH,1384106-001,UA Laser Wash Tank,,1384106-001,1384106,Apparel,Womens,Running,Tops,Sleeveless,Loose,1,,,209.30000,,,SS24,0.000,,Inline
2025-02-21,2025,202502,202546,UABH_HKG_1470,Olympian City,Retail,O&O,BH,Hongkong,,,,Hongkong,1246.0000,,BH,1112223-001,SHOPPING BAG,,1112223-001,1112223,Accessories,Unisex,All Sports,,,,2,2,3,2.00000,2.00000,3.00000,,,,
2025-02-21,2025,202502,202546,UABH_HKG_2262,Manning House,Retail,O&O,BH,Hongkong,,,,,5372.0000,,BH,1369223-001,UA Undeniable 5.0 Duffle MD,0,1369223-001,1369223,Accessories,Unisex,Training,Bags,Duffels,One Size Fits Most,1,,,399.00000,,,SS25,449.000,,Inline
2025-02-21,2025,202502,202546,UAFH_HKG_1820,City Gate,Retail,O&O,FH,Hongkong,,Hongkong,,Hongkong,2583.0000,,FH,1375698-100,UA Seamless Stride SS,,1375698-100,1375698,Apparel,Womens,Running,Tops,Short-Sleeves,Fitted,4,,,356.00000,,,SS24,0.000,,
2025-02-21,2025,202502,202546,EC-HK,HK,EC,EC,EC-HK,Hongkong,,,HK,,0.0000,,UA.com,1328703-432,UA Tech 2.0 Hoodie,,1328703-432-SM,1328703,Apparel,Mens,Training,Tops,Warmup Tops,Loose,1,,,183.00000,,,FW24,349.000,,Inline
2025-02-21,2025,202502,202546,UAFH_HKG_1820,City Gate,Retail,O&O,FH,Hongkong,,Hongkong,,Hongkong,2583.0000,,FH,1383365-001,UA Laser Wash SS,Iso Chill Run,1383365-001,1383365,Apparel,Womens,Running,Tops,Short-Sleeves,Loose,1,,1,209.30000,,349.30000,SS24,549.000,,Inline
2025-02-21,2025,202502,202546,EC-HK,HK,EC,EC,EC-HK,Hongkong,,,HK,,0.0000,,UA.com,1384664-001,UA Triumph Backpack Duffle,Others,1384664-001-OSFM,1384664,Accessories,Unisex,Sportstyle,Bags,Duffels,One Size Fits Most,1,,,899.03000,,,SS25,999.000,,Inline
2025-02-21,2025,202502,202546,UAFH_HKG_1820,City Gate,Retail,O&O,FH,Hongkong,,Hongkong,,Hongkong,2583.0000,,FH,1373989-100,UA VINTAGE TYPE SS,,1373989-100,1373989,Apparel,Mens,Training,Tops,Short sleeve,Loose,1,,,186.75000,,,,0.000,,
2025-02-21,2025,202502,202546,UAFH_HKG_1820,City Gate,Retail,O&O,FH,Hongkong,,Hongkong,,Hongkong,2583.0000,,FH,1352028-498,UA UNSTOPPABLE TAPERED PANTS-3XL,Unstoppable Woven,1352028-498,1352028,Apparel,Mens,Training,Bottoms,Pants,Fitted,1,1,1,447.44000,391.51000,279.65000,FW24,899.000,,Inline
2025-02-21,2025,202502,202546,EC-HK,HK,EC,EC,EC-HK,Hongkong,,,HK,,0.0000,,UA.com,1382800-100,UA Rush Seamless Legacy Tank-WHT,Rush Seamless,1382800-100-SM,1382800,Apparel,Mens,Training,Tops,Sleeveless,Fitted,1,,,307.01000,,,SS24,549.000,,Inline
2025-02-21,2025,202502,202546,UABH_HKG_2262,Manning House,Retail,O&O,BH,Hongkong,,,,,5372.0000,,BH,1386623-001,Meridian Kick Flare Pant,Meridian Pant,1386623-001,1386623,Apparel,Womens,Training,Bottoms,Pants,Fitted,1,,,649.00000,,,SS25,749.000,,Inline
2025-02-21,2025,202502,202546,EC-HK,HK,EC,EC,EC-HK,Hongkong,,,HK,,0.0000,,UA.com,1383322-001,UA HG Armour Printed Lgs-BLK,,1383322-001-MD,1383322,Apparel,Mens,Training,Bottoms,Leggings,Compression,1,,,171.02000,,,,0.000,,
2025-02-21,2025,202502,202546,EC-HK,HK,EC,EC,EC-HK,Hongkong,,,HK,,0.0000,,UA.com,1389826-001,Infinity Mid Piped-BLK,,1389826-001-S A-C,1389826,Apparel,Womens,Training,Bras,Sport Bras,Fitted,1,,,224.99000,,,SS25,449.000,,Inline
2025-02-21,2025,202502,202546,UAFH_HKG_1820,City Gate,Retail,O&O,FH,Hongkong,,Hongkong,,Hongkong,2583.0000,,FH,1384002-001,Armour Ankle Legging-BLK,,1384002-001,1384002,Apparel,Womens,Training,Bottoms,Leggings,Compression,1,1,,122.01000,122.01000,,,0.000,,
2025-02-21,2025,202502,202546,UAFH_HKG_1820,City Gate,Retail,O&O,FH,Hongkong,,Hongkong,,Hongkong,2583.0000,,FH,1361903-289,UA M STACKED LOGO FILL SS,,1361903-289,1361903,Apparel,Mens,Outdoor,Tops,Short-Sleeve Graphics,Loose,2,,1,298.80000,,74.70000,FW24,0.000,,Inline
2025-02-21,2025,202502,202546,UAFH_HKG_1820,City Gate,Retail,O&O,FH,Hongkong,,Hongkong,,Hongkong,2583.0000,,FH,1380545-114,Pjt Rock Rival Short Printed-3XL,,1380545-114,1380545,Apparel,Mens,Training,Bottoms,Shorts,Loose,1,,,199.00000,,,,,,
2025-02-21,2025,202502,202546,UAFH_HKG_1820,City Gate,Retail,O&O,FH,Hongkong,,Hongkong,,Hongkong,2583.0000,,FH,1383227-001,Pjt Rck Payoff SS Terry Hdy,Project Rock,1383227-001,1383227,Apparel,Mens,Sportstyle,Tops,Fleece Tops,Loose,1,,,279.20000,,,SS24,549.000,,Inline
2025-02-21,2025,202502,202546,UAFH_HKG_1820,City Gate,Retail,O&O,FH,Hongkong,,Hongkong,,Hongkong,2583.0000,,FH,1382800-025,UA Rush Seamless Legacy Tank,Rush Seamless,1382800-025,1382800,Apparel,Mens,Training,Tops,Sleeveless,Fitted,1,,,272.30000,,,SS24,549.000,,Inline
2025-02-21,2025,202502,202546,EC-HK,HK,EC,EC,EC-HK,Hongkong,,,HK,,0.0000,,UA.com,1387087-114,UA PT SlipSpeed 2pk NS,,1387087-114-LG,1387087,Accessories,Adult Unisex,Training,Socks,Low Socks,Regular,1,,,77.99000,,,FW24,0.000,,Inline
2025-02-21,2025,202502,202546,UABH_HKG_2262,Manning House,Retail,O&O,BH,Hongkong,,,,,5372.0000,,BH,1386453-001,UA Rival Wide Leg Pant,,1386453-001,1386453,Apparel,Womens,Sportstyle,Bottoms,Pants,Loose,1,,,499.00000,,,SS25,549.000,,Inline
2025-02-21,2025,202502,202546,EC-HK,HK,EC,EC,EC-HK,Hongkong,,,HK,,0.0000,,UA.com,1378417-366,UA Project Rock Box DF BP-GRN,Others,1378417-366-OSFM,1378417,Accessories,Unisex,Training,Bags,Backpacks,One Size Fits Most,1,1,,393.01000,523.99000,,FW24,699.000,,Inline
2025-02-21,2025,202502,202546,EC-HK,HK,EC,EC,EC-HK,Hongkong,,,HK,,0.0000,,UA.com,1387106-001,Curry Verbiage Tee 2-BLK,,1387106-001-YXS,1387106,Apparel,Boys,Basketball,Tops,Short-Sleeve Graphics,Loose,1,,,130.98000,,,,0.000,,
2025-02-21,2025,202502,202546,EC-HK,HK,EC,EC,EC-HK,Hongkong,,,HK,,0.0000,,UA.com,3026767-400,UA GS Project Rock BSR 3-BLU,,3026767-400-4.5,3026767,Footwear,Unisex,Training,PERFORMANCE SNEAKERS,Technical Performance," REGULAR",1,,,280.00000,,,FW23,699.000,Project Rock,Inline
2025-02-21,2025,202502,202546,UAFH_HKG_1820,City Gate,Retail,O&O,FH,Hongkong,,Hongkong,,Hongkong,2583.0000,,FH,1374606-035,UA Matchplay Tapered Pant,,1374606-035,1374606,Apparel,Mens,Golf,Bottoms,Pants,No Fit Type,2,1,,933.30000,439.20000,,SS25,599.000,,Inline
2025-02-21,2025,202502,202546,UAFH_HKG_1820,City Gate,Retail,O&O,FH,Hongkong,,Hongkong,,Hongkong,2583.0000,,FH,1383629-561,UA HG Authentics Shorty-PPL,,1383629-561,1383629,Apparel,Womens,Training,Bottoms,Shorts,Compression,1,,,95.20000,,,,0.000,,
2025-02-21,2025,202502,202546,EC-HK,HK,EC,EC,EC-HK,Hongkong,,,HK,,0.0000,,UA.com,1361034-573,Crossback Mid Bra,,1361034-573-LG,1361034,Apparel,Womens,Training,Bras,Sport Bras,Compression,1,,,111.98000,,,FW23,0.000,Women's Bra & Fitted Bottoms,Inline
2025-02-21,2025,202502,202546,UAFH_HKG_1820,City Gate,Retail,O&O,FH,Hongkong,,Hongkong,,Hongkong,2583.0000,,FH,1383358-044,UA Run Trail Jacket-GRY,Trail Run,1383358-044,1383358,Apparel,Womens,Running,Tops,Warmup Tops,Loose,2,,,1222.30000,,,SS24,1199.000,,Inline
2025-02-21,2025,202502,202546,UAFH_HKG_1820,City Gate,Retail,O&O,FH,Hongkong,,Hongkong,,Hongkong,2583.0000,,FH,1373997-273,UA M LOGO EMB HEAVYWEIGHT SS	-BRN,Graphics,1373997-273,1373997,Apparel,Mens,Training,Tops,Short-Sleeve Graphics,Loose,1,,,179.40000,,,FW24,349.000,,Inline
2025-02-21,2025,202502,202546,EC-HK,HK,EC,EC,EC-HK,Hongkong,,,HK,,0.0000,,UA.com,1384126-044,UA Infinity Low 2.0 Bra,,1384126-044-M A-C,1384126,Apparel,Womens,Training,Bras,Sport Bras,Fitted,1,,,174.99000,,,SS25,0.000,,Inline
2025-02-21,2025,202502,202546,UAFH_HKG_1820,City Gate,Retail,O&O,FH,Hongkong,,Hongkong,,Hongkong,2583.0000,,FH,1376508-449,LAUNCH ELITE 7'' SHORT-BLU,,1376508-449,1376508,Apparel,Mens,Running,Bottoms,Shorts,Fitted,1,,,223.20000,,,,0.000,,
2025-02-21,2025,202502,202546,UAFH_HKG_1820,City Gate,Retail,O&O,FH,Hongkong,,Hongkong,,Hongkong,2583.0000,,FH,1378582-001,UA Pjt Rk ArmourPrint Lg Sts,Project Rock,1378582-001,1378582,Apparel,Mens,Training,Bottoms,Shorts,Compression,1,,,342.30000,,,FW23,499.000,Project Rock,Inline
2025-02-21,2025,202502,202546,UAFH_HKG_1820,City Gate,Retail,O&O,FH,Hongkong,,Hongkong,,Hongkong,2583.0000,,FH,1386814-001,UA M VINTAGE LOGO 60/4S SS,Graphics,1386814-001,1386814,Apparel,Mens,Sportstyle,Tops,Short-Sleeve Graphics,Loose,1,,1,179.40000,,89.70000,FW24,299.000,,Inline
2025-02-21,2025,202502,202546,EC-HK,HK,EC,EC,EC-HK,Hongkong,,,HK,,0.0000,,UA.com,1383107-273,UA Rival Waffle Short,Others,1383107-273-MD,1383107,Apparel,Mens,Sportstyle,Bottoms,Shorts,Loose,1,,,223.03000,,,SS24,449.000,,Inline
2025-02-21,2025,202502,202546,EC-HK,HK,EC,EC,EC-HK,Hongkong,,,HK,,0.0000,,UA.com,1356305-490,UA W SPORTSTYLE LOGO SS,,1356305-490-MD,1356305,Apparel,Womens,Training,TOPS,Short-Sleeve Graphics," LOOSE",1,,,75.00000,,,,25.000,,
2025-02-21,2025,202502,202546,UAFH_HKG_1820,City Gate,Retail,O&O,FH,Hongkong,,Hongkong,,Hongkong,2583.0000,,FH,1350071-289,UA Matchplay Short,Others,1350071-289,1350071,Apparel,Mens,Golf,Bottoms,Shorts,No Fit Type,1,,,335.30000,,,SS25,499.000,,Inline
2025-02-21,2025,202502,202546,UAFH_HKG_1820,City Gate,Retail,O&O,FH,Hongkong,,Hongkong,,Hongkong,2583.0000,,FH,1386899-273,Pjt Rck HWT Pant Tools,,1386899-273,1386899,Apparel,Mens,Sportstyle,Bottoms,Fleece Bottoms,Loose,1,1,2,391.44000,391.44000,391.44000,FW24,0.000,,Inline
2025-02-21,2025,202502,202546,UAFH_HKG_1820,City Gate,Retail,O&O,FH,Hongkong,,Hongkong,,Hongkong,2583.0000,,FH,1369221-012,UA Undeniable 5.0 Duffle XS,Others,1369221-012,1369221,Accessories,Unisex,Training,Bags,Duffels,One Size Fits Most,2,1,,538.20000,239.20000,,SS25,349.000,,Inline
2025-02-21,2025,202502,202546,UAFH_HKG_1820,City Gate,Retail,O&O,FH,Hongkong,,Hongkong,,Hongkong,2583.0000,,FH,1385068-014,UA M WORDMARK SS MFO,,1385068-014,1385068,Apparel,Mens,Sportstyle,Tops,Short-Sleeve Graphics,Loose,1,1,,174.30000,199.20000,,SS24,0.000,,MFO
2025-02-21,2025,202502,202546,EC-HK,HK,EC,EC,EC-HK,Hongkong,,,HK,,0.0000,,UA.com,1328962-001,UA HG ARMOUR RACER TANK,Others,1328962-001-SM,1328962,Apparel,Womens,Training,Tops,Sleeveless,Fitted,1,,,138.99000,,,FW24,229.000,,Inline
2025-02-21,2025,202502,202546,UABH_HKG_2262,Manning House,Retail,O&O,BH,Hongkong,,,,,5372.0000,,BH,1380541-001,Pjt Rock HWT Terry Hdy-BLK/WHT-3XL,Project Rock,1380541-001,1380541,Apparel,Mens,Training,Tops,Fleece Tops,Loose,1,,,759.00000,,,SS25,799.000,,Inline
2025-02-21,2025,202502,202546,UAFH_HKG_1820,City Gate,Retail,O&O,FH,Hongkong,,Hongkong,,Hongkong,2583.0000,,FH,1380979-100,UA Playmaker Team Crew,,1380979-100,1380979,Accessories,Adult Unisex,Training,Socks,High Socks,Regular,1,1,,103.20000,129.00000,,SS25,0.000,,
2025-02-21,2025,202502,202546,EC-HK,HK,EC,EC,EC-HK,Hongkong,,,HK,,0.0000,,UA.com,3028539-109,UA SlipSpeed Mega Ripstop-WHT,SLIPSPEED MEGA,3028539-109-10/11.5,3028539,Footwear,Adult Unisex,Lifestyle,Performance Sneakers,Technical Performance,Regular,1,,,637.00000,,,FW24,1099.000,,Inline
2025-02-21,2025,202502,202546,EC-HK,HK,EC,EC,EC-HK,Hongkong,,,HK,,0.0000,,UA.com,1364410-233,UA Drive Tapered Pant,Golf Bottom-Drive Pant,1364410-233-30/30,1364410,Apparel,Mens,Golf,Bottoms,Pants,No Fit Type,1,,,421.00000,,,SS24,799.000,,Inline
2025-02-21,2025,202502,202546,UAFH_HKG_1820,City Gate,Retail,O&O,FH,Hongkong,,Hongkong,,Hongkong,2583.0000,,FH,1377508-002,STORM LINERS-BLK,Others,1377508-002,1377508,Accessories,Mens,Training,Gloves,Full Finger Gloves,Regular,1,,2,186.75000,,168.07000,SS25,229.000,,Inline
2025-02-21,2025,202502,202546,EC-HK,HK,EC,EC,EC-HK,Hongkong,,,HK,,0.0000,,UA.com,1383446-289,W ESSENTIAL PRT BLTZ37 ADJ-BRN,Others,1383446-289-OSFM,1383446,Accessories,Womens,Sportstyle,Headwear,Caps,One Size Fits Most,1,,,77.99000,,,FW24,229.000,,Inline
2025-02-21,2025,202502,202546,UAFH_HKG_1820,City Gate,Retail,O&O,FH,Hongkong,,Hongkong,,Hongkong,2583.0000,,FH,1290140-390,Tech Polo,,1290140-390,1290140,Apparel,Mens,Golf,Tops,Short-Sleeve Polos,Loose,1,1,,279.20000,244.30000,,SS25,0.000,,Inline
2025-02-21,2025,202502,202546,UAFH_HKG_1820,City Gate,Retail,O&O,FH,Hongkong,,Hongkong,,Hongkong,2583.0000,,FH,1357727-001,UA ABC CAMO SS-BLK,Graphics,1357727-001,1357727,Apparel,Mens,Sportstyle,Tops,Short-Sleeve Graphics,Loose,1,,1,199.20000,,174.30000,SS25,249.000,,Inline
2025-02-21,2025,202502,202546,UAFH_HKG_1820,City Gate,Retail,O&O,FH,Hongkong,,Hongkong,,Hongkong,2583.0000,,FH,1328496-012,UA Tech 2.0 LS,0,1328496-012,1328496,Apparel,Mens,Training,Tops,Long-Sleeves,Loose,1,,,209.30000,,,SS25,299.000,,Inline
2025-02-21,2025,202502,202546,UABH_HKG_2262,Manning House,Retail,O&O,BH,Hongkong,,,,,5372.0000,,BH,1387044-100,UA Velociti Run Cush 3pk NS-WHT,,1387044-100,1387044,Accessories,Adult Unisex,Running,Socks,Low Socks,Regular,1,1,1,208.94000,239.00000,239.00000,SS25,0.000,,Inline
2025-02-21,2025,202502,202546,UAFH_HKG_1820,City Gate,Retail,O&O,FH,Hongkong,,Hongkong,,Hongkong,2583.0000,,FH,1386339-465,UA Launch Pro Longsleeve-MD,,1386339-465,1386339,Apparel,Womens,Running,Tops,Long-Sleeves,Fitted,1,,1,244.51000,,139.72000,,0.000,,
2025-02-21,2025,202502,202546,UAFH_HKG_1820,City Gate,Retail,O&O,FH,Hongkong,,Hongkong,,Hongkong,2583.0000,,FH,1379523-044,Men's UA AD Pro 2pk ULT-GRY,,1379523-044,1379523,Accessories,Mens,Training,Socks,Low Socks,Regular,2,,,124.60000,,,,0.000,,
2025-02-21,2025,202502,202546,UAFH_HKG_1820,City Gate,Retail,O&O,FH,Hongkong,,Hongkong,,Hongkong,2583.0000,,FH,1382796-200,UA Tech Textured SS,,1382796-200,1382796,Apparel,Mens,Training,Tops,Short-Sleeves,Loose,3,,1,503.80000,,91.60000,SS25,199.000,,Inline
2025-02-21,2025,202502,202546,UABH_HKG_2262,Manning House,Retail,O&O,BH,Hongkong,,,,,5372.0000,,BH,1379149-015,UA Vanish Seamless SS,Vanish Seamless,1379149-015,1379149,Apparel,Womens,Training,Tops,Short-Sleeves,Fitted,2,,,488.60000,,,FW24,399.000,,Inline
2025-02-21,2025,202502,202546,UAFH_HKG_1820,City Gate,Retail,O&O,FH,Hongkong,,Hongkong,,Hongkong,2583.0000,,FH,1382738-001,UA Rival Terry OS Crop Crw-BLK,,1382738-001,1382738,Apparel,Womens,Training,Tops,Long-Sleeves,Loose,1,,,263.20000,,,,0.000,,
2025-02-21,2025,202502,202546,UAFH_HKG_1820,City Gate,Retail,O&O,FH,Hongkong,,Hongkong,,Hongkong,2583.0000,,FH,1383353-464,UA Vanish Woven 6in Grph Sts-BLU,,1383353-464,1383353,Apparel,Mens,Training,Bottoms,Shorts,Fitted,1,,,216.30000,,,,0.000,,
2025-02-21,2025,202502,202546,EC-HK,HK,EC,EC,EC-HK,Hongkong,,,HK,,0.0000,,UA.com,1344552-654,Play Up Shorts 3.0,,1344552-654-XS,1344552,Apparel,Womens,Training,Bottoms,Shorts,Loose,1,,,97.98000,,,FW24,0.000,,Inline
2025-02-21,2025,202502,202546,UABH_HKG_2262,Manning House,Retail,O&O,BH,Hongkong,,,,,5372.0000,,BH,1383895-001,UA Pure Stretch NS HIP,Underwear,1383895-001,1383895,Apparel,Womens,Training,Underwear,Underwear Bottoms,Fitted,1,,,299.00000,,,FW24,299.000,,Licensed (Non-Uniform)
2025-02-21,2025,202502,202546,UABH_HKG_2262,Manning House,Retail,O&O,BH,Hongkong,,,,,5372.0000,,BH,1376781-001,UA Vanish Elite Seamless SS,Rush Seamless,1376781-001,1376781,Apparel,Mens,Training,Tops,Short-Sleeves,Fitted,1,,,549.00000,,,SS25,549.000,,Inline
2025-02-21,2025,202502,202546,EC-HK,HK,EC,EC,EC-HK,Hongkong,,,HK,,0.0000,,UA.com,1350196-001,UA Fly By 2.0 Short,Fly By,1350196-001-MD,1350196,Apparel,Womens,Running,Bottoms,Shorts,Loose,1,,,86.98000,,,SS24,249.000,,
2025-02-21,2025,202502,202546,UAFH_HKG_1820,City Gate,Retail,O&O,FH,Hongkong,,Hongkong,,Hongkong,2583.0000,,FH,1326413-100,UA Tech 2.0 SS Tee-WHT,Tech,1326413-100,1326413,Apparel,Mens,Training,Tops,Short-Sleeves,Loose,1,,1,160.30000,,160.30000,SS25,249.000,,Inline
2025-02-21,2025,202502,202546,UAFH_HKG_1820,City Gate,Retail,O&O,FH,Hongkong,,Hongkong,,Hongkong,2583.0000,,FH,1384320-465,UA BL GRAPHIC TEE SOLID SS-BLU,,1384320-465,1384320,Apparel,Womens,Training,Tops,Short-Sleeve Graphics,Loose,2,,,198.00000,,,,,,
2025-02-21,2025,202502,202546,UAFH_HKG_1820,City Gate,Retail,O&O,FH,Hongkong,,Hongkong,,Hongkong,2583.0000,,FH,1379523-001,Men's UA AD Pro 2pk ULT-BLK,Others,1379523-001,1379523,Accessories,Mens,Training,Socks,Low Socks,Regular,1,,,71.20000,,,SS24,139.000,,Inline
2025-02-21,2025,202502,202546,EC-HK,HK,EC,EC,EC-HK,Hongkong,,,HK,,0.0000,,UA.com,1277206-001,TECH SSC - TWIST,Others,1277206-001-SM,1277206,Apparel,Womens,Training,Tops,Short-Sleeves,Loose,1,,,80.01000,,,FW23,229.000,Others,Inline
2025-02-21,2025,202502,202546,UAFH_HKG_1820,City Gate,Retail,O&O,FH,Hongkong,,Hongkong,,Hongkong,2583.0000,,FH,1379534-002,UA Perf Cotton Nov 2pk Mid-BLK,,1379534-002,1379534,Accessories,Unisex,Training,Socks,High Socks,Regular,2,,,152.60000,,,,0.000,,
2025-02-21,2025,202502,202546,EC-HK,HK,EC,EC,EC-HK,Hongkong,,,HK,,0.0000,,UA.com,1376943-426,UA Tech WM Graphic Short-3XL,,1376943-426-MD,1376943,Apparel,Mens,Training,Bottoms,Shorts,Loose,2,,,173.96000,,,,,,
2025-02-21,2025,202502,202546,EC-HK,HK,EC,EC,EC-HK,Hongkong,,,HK,,0.0000,,UA.com,1361524-466,UA HG Armour Comp LS,,1361524-466-SM,1361524,Apparel,Mens,Training,TOPS,Long-Sleeves," COMPRESSION",1,,,122.00000,,,,,,
2025-02-21,2025,202502,202546,UABH_HKG_2262,Manning House,Retail,O&O,BH,Hongkong,,,,,5372.0000,,BH,1387150-001,UA Drive Flare Pant,Golf,1387150-001,1387150,Apparel,Womens,Golf,Bottoms,Pants,No Fit Type,1,,,524.30000,,,FW24,699.000,,Inline
2025-02-21,2025,202502,202546,UAFH_HKG_1820,City Gate,Retail,O&O,FH,Hongkong,,Hongkong,,Hongkong,2583.0000,,FH,1383356-014,UA Tech Woven Wordmark Short-GRY,,1383356-014,1383356,Apparel,Mens,Training,Bottoms,Shorts,Loose,1,1,,239.20000,209.30000,,SS25,299.000,,Inline
2025-02-21,2025,202502,202546,UABH_HKG_2262,Manning House,Retail,O&O,BH,Hongkong,,,,,5372.0000,,BH,1383348-025,UA Vanish Elite Hybrid Short-3XL,,1383348-025,1383348,Apparel,Mens,Training,Bottoms,Shorts,Fitted,1,,,523.66000,,,,,,
2025-02-21,2025,202502,202546,EC-HK,HK,EC,EC,EC-HK,Hongkong,,,HK,,0.0000,,UA.com,1384419-001,Vanish Seamless Mid Bra,Seamless,1384419-001-MD,1384419,Apparel,Womens,Training,Bras,Sport Bras,Fitted,1,,,199.99000,,,SS25,399.000,,Inline
2025-02-21,2025,202502,202546,UAFH_HKG_1820,City Gate,Retail,O&O,FH,Hongkong,,Hongkong,,Hongkong,2583.0000,,FH,3028234-102,UA Charged Escape 4 NM-GRY,,3028234-102,3028234,Footwear,Mens,Running,Performance Sneakers,Visual Cushioning,Regular,2,2,,943.74000,891.31000,,FW24,0.000,,Inline
2025-02-21,2025,202502,202546,EC-HK,HK,EC,EC,EC-HK,Hongkong,,,HK,,0.0000,,UA.com,1351596-025,UA Knockout Tank,,1351596-025-LG,1351596,Apparel,Womens,Training,Tops,Sleeveless,Loose,1,,,166.98000,,,SS24,0.000,,Inline
2025-02-21,2025,202502,202546,EC-HK,HK,EC,EC,EC-HK,Hongkong,,,HK,,0.0000,,UA.com,1377467-722,Pjt Rck HG Ankl Lg Fam&,,1377467-722-1X,1377467,Apparel,Womens,Training,Bottoms,Leggings,Compression,1,,,273.03000,,,,,,
2025-02-21,2025,202502,202546,UAFH_HKG_1820,City Gate,Retail,O&O,FH,Hongkong,,Hongkong,,Hongkong,2583.0000,,FH,1383243-016,UA TRAIL RUN JACKET,Trail Run,1383243-016,1383243,Apparel,Mens,Outdoor,Outerwear,Jackets,Loose,1,,,839.30000,,,FW24,1199.000,,Inline
2025-02-21,2025,202502,202546,UABH_HKG_1470,Olympian City,Retail,O&O,BH,Hongkong,,,,Hongkong,1246.0000,,BH,3026534-200,UA Project Rock 6,SIGNATURE,3026534-200,3026534,Footwear,Mens,Training,Performance Sneakers,Technical Performance,Regular,1,,,949.00000,,,SS24,1299.000,,Inline
2025-02-21,2025,202502,202546,UABH_HKG_2262,Manning House,Retail,O&O,BH,Hongkong,,,,,5372.0000,,BH,1112223-001,SHOPPING BAG,,1112223-001,1112223,Accessories,Unisex,All Sports,,,,8,13,16,8.00000,13.00000,16.00000,,,,
2025-02-21,2025,202502,202546,UAFH_HKG_1820,City Gate,Retail,O&O,FH,Hongkong,,Hongkong,,Hongkong,2583.0000,,FH,1379349-025,UA Qualifier Run 1/2 Zip-GRY,,1379349-025,1379349,Apparel,Womens,Running,Tops,Long-Sleeves,Fitted,1,,1,230.30000,,219.60000,,0.000,,
2025-02-21,2025,202502,202546,EC-HK,HK,EC,EC,EC-HK,Hongkong,,,HK,,0.0000,,UA.com,1356305-465,UA Rival Logo SS,,1356305-465-XS,1356305,Apparel,Womens,Sportstyle,Tops,Short-Sleeve Graphics,Loose,1,,,97.98000,,,FW24,0.000,,Inline
2025-02-21,2025,202502,202546,EC-HK,HK,EC,EC,EC-HK,Hongkong,,,HK,,0.0000,,UA.com,1386937-001,UA HG Armour Prtd SS,,1386937-001-SM,1386937,Apparel,Mens,Training,Tops,Short-Sleeves,Compression,1,,,157.02000,,,FW24,0.000,,Inline
2025-02-21,2025,202502,202546,UAFH_HKG_1820,City Gate,Retail,O&O,FH,Hongkong,,Hongkong,,Hongkong,2583.0000,,FH,1385514-025,UA Unstoppable Vented Short-GRY,Unstoppable Woven,1385514-025,1385514,Apparel,Mens,Sportstyle,Bottoms,Shorts,Loose,1,,,314.30000,,,SS24,699.000,,Inline
2025-02-21,2025,202502,202546,UABH_HKG_2262,Manning House,Retail,O&O,BH,Hongkong,,,,,5372.0000,,BH,1383668-377,Vanish Elite Vent SS-3XL,,1383668-377,1383668,Apparel,Mens,Training,Tops,Short-Sleeves,Fitted,1,,,449.00000,,,SS25,449.000,,Inline
2025-02-21,2025,202502,202546,UABH_HKG_2262,Manning House,Retail,O&O,BH,Hongkong,,,,,5372.0000,,BH,1388770-001,Meridian Seamless SS-LG,,1388770-001,1388770,Apparel,Womens,Training,Tops,Short-Sleeves,Fitted,1,,,499.00000,,,SS25,499.000,,Inline
2025-02-21,2025,202502,202546,UABH_HKG_1470,Olympian City,Retail,O&O,BH,Hongkong,,,,Hongkong,1246.0000,,BH,6000341-001,Meridian Core SS,,6000341-001,6000341,Apparel,Womens,Training,Tops,Short-Sleeves,Fitted,1,,,499.00000,,,SS25,499.000,,Inline
2025-02-21,2025,202502,202546,UAFH_HKG_1820,City Gate,Retail,O&O,FH,Hongkong,,Hongkong,,Hongkong,2583.0000,,FH,1383621-561,Flex Woven Skort,Flex Woven,1383621-561,1383621,Apparel,Womens,Training,Bottoms,Skorts,No Fit Type,1,,,188.30000,,,SS24,499.000,,Inline
2025-02-21,2025,202502,202546,UAFH_HKG_1820,City Gate,Retail,O&O,FH,Hongkong,,Hongkong,,Hongkong,2583.0000,,FH,1384231-001,Tech SSC - Solid,Others,1384231-001,1384231,Apparel,Womens,Training,Tops,Short-Sleeves,Loose,1,,,183.20000,,,SS25,249.000,,Inline
2025-02-21,2025,202502,202546,UAFH_HKG_1820,City Gate,Retail,O&O,FH,Hongkong,,Hongkong,,Hongkong,2583.0000,,FH,1364180-410,UA Hustle Lite Backpack,Others,1364180-410,1364180,Accessories,Unisex,Training,Bags,Backpacks,One Size Fits All,1,,,279.00000,,,SS25,279.000,,Inline
2025-02-21,2025,202502,202546,EC-HK,HK,EC,EC,EC-HK,Hongkong,,,HK,,0.0000,,UA.com,1380979-410,UA Playmaker Team Crew,,1380979-410-LG,1380979,Accessories,Adult Unisex,Training,Socks,High Socks,Regular,1,,,68.03000,,,SS25,0.000,,
2025-02-21,2025,202502,202546,UABH_HKG_2262,Manning House,Retail,O&O,BH,Hongkong,,,,,5372.0000,,BH,1276990-001,UA PERFORMANCE HEADBAND,Others,1276990-001,1276990,Accessories,Mens,Training,Bands,Headbands,One Size Fits All,2,,,98.00000,,,SS25,49.000,,Inline
2025-02-21,2025,202502,202546,EC-HK,HK,EC,EC,EC-HK,Hongkong,,,HK,,0.0000,,UA.com,1369790-102,Favorites Hat,Others,1369790-102-OSFM,1369790,Accessories,Womens,Sportstyle,Headwear,Caps,One Size Fits Most,1,,,88.99000,,,SS25,199.000,,Inline
2025-02-21,2025,202502,202546,UAFH_HKG_1820,City Gate,Retail,O&O,FH,Hongkong,,Hongkong,,Hongkong,2583.0000,,FH,1377793-697,W's UA Wide Brim Bucket,Others,1377793-697,1377793,Accessories,Womens,Sportstyle,Headwear,Caps,No Fit Type,2,,,138.00000,,,FW23,299.000,Others,Inline
2025-02-21,2025,202502,202546,UAFH_HKG_1820,City Gate,Retail,O&O,FH,Hongkong,,Hongkong,,Hongkong,2583.0000,,FH,3026683-104,UA W Charged Revitalize,OTHERS,3026683-104,3026683,Footwear,Womens,Sportstyle,Performance Sneakers,Visual Cushioning,Regular,2,,,741.15000,,,FW24,449.000,,Inline
2025-02-21,2025,202502,202546,UAFH_HKG_1820,City Gate,Retail,O&O,FH,Hongkong,,Hongkong,,Hongkong,2583.0000,,FH,1376937-001,UA Tech Tiger SSC-BLK,,1376937-001,1376937,Apparel,Womens,Training,Tops,Short-Sleeves,Loose,3,,,207.00000,,,FW23,0.000,Others,Inline
2025-02-21,2025,202502,202546,UAFH_HKG_1820,City Gate,Retail,O&O,FH,Hongkong,,Hongkong,,Hongkong,2583.0000,,FH,1376075-410,UA AD Run Cushion 1pk NS Tab-BLU,,1376075-410,1376075,Accessories,Unisex,Running,Socks,Low Socks,Regular,1,,,71.20000,,,,18.000,,
2025-02-21,2025,202502,202546,UAFH_HKG_1820,City Gate,Retail,O&O,FH,Hongkong,,Hongkong,,Hongkong,2583.0000,,FH,1383245-016,UA TRAIL RUN PANTS,Trail Run,1383245-016,1383245,Apparel,Mens,Outdoor,Bottoms,Pants,Loose,1,2,,587.44000,1101.45000,,FW24,999.000,,Inline
2025-02-21,2025,202502,202546,UAFH_HKG_1820,City Gate,Retail,O&O,FH,Hongkong,,Hongkong,,Hongkong,2583.0000,,FH,1382623-101,UA Essential No Show 3pk,Others,1382623-101,1382623,Accessories,Adult Unisex,Sportstyle,Socks,Low Socks,Regular,1,,,83.30000,,,FW24,129.000,,Inline
2025-02-21,2025,202502,202546,UAFH_HKG_1820,City Gate,Retail,O&O,FH,Hongkong,,Hongkong,,Hongkong,2583.0000,,FH,3028486-102,UA Official,,3028486-102,3028486,Footwear,Mens,Sportstyle,Casual Sneakers,Casual Visual Cushioning,Regular,1,,,419.30000,,,SS25,599.000,,Inline
2025-02-21,2025,202502,202546,UABH_HKG_2262,Manning House,Retail,O&O,BH,Hongkong,,,,,5372.0000,,BH,1366068-001,UA CG Armour Fitted Crew,Armour CG,1366068-001,1366068,Apparel,Mens,Training,Tops,Long-Sleeves,Fitted,1,,,449.00000,,,SS25,449.000,,
2025-02-21,2025,202502,202546,EC-HK,HK,EC,EC,EC-HK,Hongkong,,,HK,,0.0000,,UA.com,1355109-002,Crossback High Bra,Others,1355109-002-36A,1355109,Apparel,Womens,Training,Bras,Sport Bras,Compression,1,,,448.99000,,,FW24,449.000,,MFO
2025-02-21,2025,202502,202546,UABH_HKG_1470,Olympian City,Retail,O&O,BH,Hongkong,,,,Hongkong,1246.0000,,BH,1361518-001,UA HG Armour Comp SS-BLK,Armour HG,1361518-001,1361518,Apparel,Mens,Training,Tops,Short-Sleeves,Compression,1,,,299.00000,,,SS25,249.000,,Inline
2025-02-21,2025,202502,202546,EC-HK,HK,EC,EC,EC-HK,Hongkong,,,HK,,0.0000,,UA.com,1383322-001,UA HG Armour Printed Lgs-BLK,,1383322-001-XS,1383322,Apparel,Mens,Training,Bottoms,Leggings,Compression,1,,,171.02000,,,,0.000,,
2025-02-21,2025,202502,202546,UAFH_HKG_1820,City Gate,Retail,O&O,FH,Hongkong,,Hongkong,,Hongkong,2583.0000,,FH,3027341-002,UA TriBase Reign 6-BLK,REIGN,3027341-002,3027341,Footwear,Mens,Training,Performance Sneakers,Technical Performance,Regular,1,,,739.00000,,,SS24,1099.000,,Inline
2025-02-21,2025,202502,202546,UAFH_HKG_1820,City Gate,Retail,O&O,FH,Hongkong,,Hongkong,,Hongkong,2583.0000,,FH,1351130-471,UA Playoff Polo Tour Stripe-BLU,,1351130-471,1351130,Apparel,Mens,Golf,Tops,Short-Sleeve Polos,Loose,1,,,272.30000,,,,,,
2025-02-21,2025,202502,202546,EC-HK,HK,EC,EC,EC-HK,Hongkong,,,HK,,0.0000,,UA.com,1373987-400,UA GLOBAL LOCKERTAG SS -BLU,,1373987-400-LG,1373987,Apparel,Mens,Training,Tops,Short-Sleeve Graphics,Loose,1,,,69.98000,,,FW23,0.000,Others,Inline
2025-02-21,2025,202502,202546,UAFH_HKG_1820,City Gate,Retail,O&O,FH,Hongkong,,Hongkong,,Hongkong,2583.0000,,FH,3026683-001,UA W Charged Revitalize-BLK,REVITALIZE,3026683-001,3026683,Footwear,Womens,Lifestyle,CASUAL SNEAKERS,Casual Visual Cushioning," REGULAR",1,3,2,307.44000,960.75000,576.45000,FW24,449.000,,Inline
2025-02-21,2025,202502,202546,UAFH_HKG_1820,City Gate,Retail,O&O,FH,Hongkong,,Hongkong,,Hongkong,2583.0000,,FH,3026027-101,UA W Ignite 7 SL,IGNITE,3026027-101,3026027,Footwear,Womens,Sideline,Sandals,Slide,Regular,1,,,184.24000,,,FW24,329.000,,Inline
2025-02-21,2025,202502,202546,EC-HK,HK,EC,EC,EC-HK,Hongkong,,,HK,,0.0000,,UA.com,1349125-007,Play Up Twist Shorts 3.0,,1349125-007-XS,1349125,Apparel,Womens,Training,Bottoms,Shorts,Loose,1,,,69.98000,,,,,,
2025-02-21,2025,202502,202546,UABH_HKG_2262,Manning House,Retail,O&O,BH,Hongkong,,,,,5372.0000,,BH,3028169-004,UA Infinite Elite 2,,3028169-004,3028169,Footwear,Mens,Running,Performance Sneakers,Technical Performance,Regular,2,,,2598.00000,,,SS25,1299.000,,Inline
2025-02-21,2025,202502,202546,UABH_HKG_2262,Manning House,Retail,O&O,BH,Hongkong,,,,,5372.0000,,BH,1370277-001,UA Iso-Chill Golf Glove-BLK,Others,1370277-001,1370277,Accessories,Mens,Golf,Gloves,Full Finger Gloves,Adjustable,1,,,169.00000,,,SS25,149.000,,Inline
2025-02-21,2025,202502,202546,UAFH_HKG_1820,City Gate,Retail,O&O,FH,Hongkong,,Hongkong,,Hongkong,2583.0000,,FH,1361524-410,UA HG Armour Comp LS,Armour HG,1361524-410,1361524,Apparel,Mens,Training,Tops,Long-Sleeves,Compression,1,,1,244.30000,,349.00000,SS25,349.000,,Inline
2025-02-21,2025,202502,202546,UAFH_HKG_1820,City Gate,Retail,O&O,FH,Hongkong,,Hongkong,,Hongkong,2583.0000,,FH,1383224-001,UA Pjt Rck Eagle Graphic SS-BLK,Project Rock,1383224-001,1383224,Apparel,Mens,Sportstyle,Tops,Short-Sleeves,Loose,1,,,191.20000,,,SS24,399.000,,Inline
2025-02-21,2025,202502,202546,UABH_HKG_1470,Olympian City,Retail,O&O,BH,Hongkong,,,,Hongkong,1246.0000,,BH,1390244-016,UA Meridian Pocket Tee,,1390244-016,1390244,Apparel,Mens,Training,Tops,Short-Sleeves,Loose,1,,,439.20000,,,SS25,549.000,,Inline
2025-02-21,2025,202502,202546,UAFH_HKG_1820,City Gate,Retail,O&O,FH,Hongkong,,Hongkong,,Hongkong,2583.0000,,FH,1383353-203,UA Vanish Woven 6in Grph Sts-BRN,,1383353-203,1383353,Apparel,Mens,Training,Bottoms,Shorts,Fitted,1,,3,216.30000,,466.96000,,0.000,,
2025-02-21,2025,202502,202546,UAFH_HKG_1820,City Gate,Retail,O&O,FH,Hongkong,,Hongkong,,Hongkong,2583.0000,,FH,1383942-001,UA Collegiate Brand SS MFO-BLK,,1383942-001,1383942,Apparel,Mens,Training,Tops,Short-Sleeve Graphics,Loose,1,,,135.20000,,,,,,
2025-02-21,2025,202502,202546,UABH_HKG_1470,Olympian City,Retail,O&O,BH,Hongkong,,,,Hongkong,1246.0000,,BH,1382648-100,UA LAUNCH ELITE SHORTSLEEVE,Iso Chill Run,1382648-100,1382648,Apparel,Mens,Running,Tops,Short-Sleeves,Fitted,1,,,374.25000,,,FW24,499.000,,Inline
2025-02-21,2025,202502,202546,EC-HK,HK,EC,EC,EC-HK,Hongkong,,,HK,,0.0000,,UA.com,1361493-411,UA LAUNCH 7'' SHORT,,1361493-411-MD,1361493,Apparel,Mens,Running,Bottoms,Shorts,Fitted,1,,,115.03000,,,FW23,0.000,Others,Inline
2025-02-21,2025,202502,202546,UAFH_HKG_1820,City Gate,Retail,O&O,FH,Hongkong,,Hongkong,,Hongkong,2583.0000,,FH,1382915-001,UA GL FOUNDATION UPDATE SS,Others,1382915-001,1382915,Apparel,Mens,Sportstyle,Tops,Short-Sleeve Graphics,Loose,1,,2,199.20000,,224.10000,SS25,249.000,,Inline
2025-02-21,2025,202502,202546,UABH_HKG_2262,Manning House,Retail,O&O,BH,Hongkong,,,,,5372.0000,,BH,1376231-004,Curry UA AD Playmaker 1p Mid-MD,Others,1376231-004,1376231,Accessories,Unisex,Basketball,Socks,High Socks,Regular,1,,,169.00000,,,FW24,169.000,,Inline
2025-02-21,2025,202502,202546,UAFH_HKG_1820,City Gate,Retail,O&O,FH,Hongkong,,Hongkong,,Hongkong,2583.0000,,FH,1364192-001,UA Sportstyle Crossbody,Others,1364192-001,1364192,Accessories,Unisex,Sportstyle,Bags,Shoulder Bags,One Size Fits Most,1,2,,199.00000,318.40000,,SS23,199.000,Others,Inline
2025-02-21,2025,202502,202546,EC-HK,HK,EC,EC,EC-HK,Hongkong,,,HK,,0.0000,,UA.com,1369488-464,Motion Ankle Leg,,1369488-464-SM,1369488,Apparel,Womens,Training,Bottoms,Leggings,Fitted,1,,,196.01000,,,FW24,0.000,,Inline
2025-02-21,2025,202502,202546,UAFH_HKG_1820,City Gate,Retail,O&O,FH,Hongkong,,Hongkong,,Hongkong,2583.0000,,FH,1112223-001,SHOPPING BAG,,1112223-001,1112223,Accessories,Unisex,All Sports,,,,45,30,49,45.00000,30.00000,49.00000,,,,
2025-02-21,2025,202502,202546,UAFH_HKG_1820,City Gate,Retail,O&O,FH,Hongkong,,Hongkong,,Hongkong,2583.0000,,FH,1376077-001,UA AD Run Lite 2pk NS Tab,OTHERS,1376077-001,1376077,Accessories,Unisex,Running,Socks,Low,Regular,2,,,133.50000,,,SS24,139.000,,Inline
2025-02-21,2025,202502,202546,UAFH_HKG_1820,City Gate,Retail,O&O,FH,Hongkong,,Hongkong,,Hongkong,2583.0000,,FH,1386345-015,UA Run Anywhere Shorts-LG,,1386345-015,1386345,Apparel,Womens,Running,Bottoms,Shorts,Fitted,1,,,293.51000,,,FW24,549.000,,Inline
2025-02-21,2025,202502,202546,EC-HK,HK,EC,EC,EC-HK,Hongkong,,,HK,,0.0000,,UA.com,3024883-001,UA Surge 3,Others,3024883-001-11,3024883,Footwear,Mens,Running,Sneakers,Low,Regular,1,,,246.99000,,,SS24,449.000,,Inline
2025-02-21,2025,202502,202546,EC-HK,HK,EC,EC,EC-HK,Hongkong,,,HK,,0.0000,,UA.com,1380923-004,UA Loudon CB SM Prtd-BLK,Others,1380923-004-OSFM,1380923,Accessories,Unisex,Sportstyle,Bags,Shoulder Bags,One Size Fits Most,1,,1,147.00000,,148.26000,FW24,349.000,,Inline
2025-02-21,2025,202502,202546,UAFH_HKG_1820,City Gate,Retail,O&O,FH,Hongkong,,Hongkong,,Hongkong,2583.0000,,FH,1380115-114,Pjt Rock Rival Hoodie-3XL,,1380115-114,1380115,Apparel,Mens,Training,Tops,Fleece Tops,Loose,1,,,219.00000,,,FW23,0.000,Project Rock,Inline
2025-02-21,2025,202502,202546,UAFH_HKG_1820,City Gate,Retail,O&O,FH,Hongkong,,Hongkong,,Hongkong,2583.0000,,FH,1375693-465,UA SEAMLESS STRIDE LS-LG,,1375693-465,1375693,Apparel,Mens,Running,Tops,Long-Sleeves,Fitted,1,2,,220.01000,440.02000,,,0.000,,
2025-02-21,2025,202502,202546,EC-HK,HK,EC,EC,EC-HK,Hongkong,,,HK,,0.0000,,UA.com,6000337-101,UA Ignite Pro 8 SL,,6000337-101-8,6000337,Footwear,Mens,Sportstyle,Sandals,Slides,Regular,1,,,165.03000,,,SS25,329.000,,Inline
2025-02-21,2025,202502,202546,EC-HK,HK,EC,EC,EC-HK,Hongkong,,,HK,,0.0000,,UA.com,3024883-110,UA Surge 3,,3024883-110-11,3024883,Footwear,Mens,Running,Sneakers,Low,Regular,1,,,168.02000,,,,,,
2025-02-21,2025,202502,202546,EC-HK,HK,EC,EC,EC-HK,Hongkong,,,HK,,0.0000,,UA.com,1277206-001,TECH SSC - TWIST,Others,1277206-001-MD,1277206,Apparel,Womens,Training,Tops,Short-Sleeves,Loose,1,,,86.00000,,,FW23,229.000,Others,Inline
2025-02-21,2025,202502,202546,UAFH_HKG_1820,City Gate,Retail,O&O,FH,Hongkong,,Hongkong,,Hongkong,2583.0000,,FH,1370951-011,UA M L CHEST LOCKUP SS MFO,,1370951-011,1370951,Apparel,Mens,Sportstyle,Tops,Short-Sleeve Graphics,Loose,1,,1,139.30000,,99.50000,FW23,249.000,Others,MFO
2025-02-21,2025,202502,202546,UAFH_HKG_1820,City Gate,Retail,O&O,FH,Hongkong,,Hongkong,,Hongkong,2583.0000,,FH,1383641-432,Tech Textured SSC,,1383641-432,1383641,Apparel,Womens,Training,Tops,Short-Sleeves,Loose,1,,1,112.21000,,160.30000,FW24,0.000,,Inline
2025-02-21,2025,202502,202546,UAFH_HKG_1820,City Gate,Retail,O&O,FH,Hongkong,,Hongkong,,Hongkong,2583.0000,,FH,1370096-560,UA Breathe 2 No Show Tab 2pk-PPL,,1370096-560,1370096,Accessories,Womens,Training,Socks,Low Socks,Regular,1,,,63.20000,,,,0.000,,
2025-02-21,2025,202502,202546,UAFH_HKG_1820,City Gate,Retail,O&O,FH,Hongkong,,Hongkong,,Hongkong,2583.0000,,FH,1366215-236,UA STRETCH WOVEN PANT,,1366215-236,1366215,Apparel,Mens,Training,Bottoms,Pants,Fitted,2,,,258.00000,,,FW23,0.000,Others,Inline
2025-02-21,2025,202502,202546,UAFH_HKG_1820,City Gate,Retail,O&O,FH,Hongkong,,Hongkong,,Hongkong,2583.0000,,FH,1363241-100,UA Core No Show 3Pk,Others,1363241-100,1363241,Accessories,Adult Unisex,Sportstyle,Socks,Low Socks,Regular,1,,,48.30000,,,SS24,109.000,,Inline
2025-02-21,2025,202502,202546,EC-HK,HK,EC,EC,EC-HK,Hongkong,,,HK,,0.0000,,UA.com,1387044-101,UA Velociti Run Cush 3pk NS-WHT,,1387044-101-LG,1387044,Accessories,Adult Unisex,Running,Socks,Low Socks,Regular,1,,,116.99000,,,FW24,0.000,,Inline
2025-02-21,2025,202502,202546,UAFH_HKG_1820,City Gate,Retail,O&O,FH,Hongkong,,Hongkong,,Hongkong,2583.0000,,FH,3026679-002,UA Charged Revitalize-BLK,REVITALIZE,3026679-002,3026679,Footwear,Mens,Lifestyle,Performance Sneakers,Visual Cushioning,Regular,4,,,1306.62000,,,FW24,449.000,,Inline
2025-02-21,2025,202502,202546,EC-HK,HK,EC,EC,EC-HK,Hongkong,,,HK,,0.0000,,UA.com,1369743-012,UA Speed Stride 2.0 Tee,Speed Stride,1369743-012-XL,1369743,Apparel,Mens,Running,Tops,Short-Sleeves,Fitted,1,,,75.00000,,,SS23,269.000,Others,MFO
2025-02-21,2025,202502,202546,UABH_HKG_1470,Olympian City,Retail,O&O,BH,Hongkong,,,,Hongkong,1246.0000,,BH,1381921-025,UA Contain Shoe Bag-GRY,,1381921-025,1381921,Accessories,Adult Unisex,Training,Bags,Leisure,One Size Fits Most,4,3,,0.00000,0.00000,,,0.000,,
2025-02-21,2025,202502,202546,UAFH_HKG_1820,City Gate,Retail,O&O,FH,Hongkong,,Hongkong,,Hongkong,2583.0000,,FH,1379774-025,UA Rival Fleece Joggers,0,1379774-025,1379774,Apparel,Mens,Sportstyle,Bottoms,Fleece Bottoms,Loose,2,,1,628.60000,,314.30000,SS25,499.000,,Inline
2025-02-21,2025,202502,202546,EC-HK,HK,EC,EC,EC-HK,Hongkong,,,HK,,0.0000,,UA.com,3026142-105,UA W Charged Breeze 2,,3026142-105-6.5,3026142,Footwear,Womens,Running,Performance Sneakers,Visual Cushioning,Regular,1,,,315.02000,,,SS24,0.000,,Inline
2025-02-21,2025,202502,202546,UAFH_HKG_1820,City Gate,Retail,O&O,FH,Hongkong,,Hongkong,,Hongkong,2583.0000,,FH,1387884-840,Unstoppable Fleece Hoodie,Unstoppable Fleece,1387884-840,1387884,Apparel,Womens,Sportstyle,Tops,Fleece Tops,Loose,1,,,629.30000,,,FW24,849.000,,Inline